Date,Open,High,Low,Close,Volume,Adj Close
2014-11-17,23.83,24.17,23.80,24.16,1084200,24.16
2014-11-14,23.76,23.85,23.72,23.75,2478900,23.75
2014-11-13,23.88,23.96,23.75,23.75,1713100,23.75
2014-11-12,23.98,24.10,23.82,23.89,1245800,23.89
2014-11-11,24.02,24.05,23.97,24.00,357000,24.00
2014-11-10,23.9871,24.12,23.93,24.12,326900,24.12
2014-11-07,24.07,24.08,23.98,24.02,310200,24.02
2014-11-06,24.00,24.10,23.92,24.10,209400,24.10
2014-11-05,23.971,24.06,23.95,24.00,188200,24.00
2014-11-04,24.02,24.10,23.92,23.975,155600,23.975
2014-11-03,24.00,24.09,23.92,24.03,268800,24.03
2014-10-31,23.99,24.04,23.91,24.03,283900,24.03
2014-10-30,23.79,24.00,23.77,24.00,287800,24.00
2014-10-29,23.90,23.93,23.76,23.77,294300,23.77
2014-10-28,23.944,24.00,23.81,23.88,366700,23.88
2014-10-27,23.95,24.11,23.81,23.96,264300,23.96
2014-10-24,23.95,24.05,23.87,23.98,364700,23.98
2014-10-23,23.855,24.09,23.8102,24.02,474200,24.02
2014-10-22,23.87,24.06,23.81,23.82,305700,23.82
2014-10-21,23.63,24.09,23.56,24.09,299200,24.09
2014-10-20,23.59,23.70,23.56,23.68,199100,23.68
2014-10-17,23.57,23.71,23.51,23.64,273900,23.64
2014-10-16,23.44,23.72,23.36,23.60,259500,23.60
2014-10-15,23.66,23.85,23.50,23.63,570000,23.63
2014-10-14,23.61,24.00,23.50,23.74,450300,23.74
2014-10-13,23.53,23.90,23.36,23.75,666500,23.75
2014-10-10,23.59,23.85,23.51,23.56,741900,23.56
2014-10-09,23.62,23.80,23.59,23.60,1778200,23.60
2014-10-08,23.75,23.79,23.61,23.77,3257300,23.77
2014-10-07,23.63,23.95,23.53,23.75,3504700,23.75
2014-10-06,24.24,24.33,23.45,24.24,8087200,24.24
2014-10-03,12.50,14.21,12.14,13.88,1108700,13.88
2014-10-02,12.20,12.38,11.34,11.83,621100,11.83
2014-10-01,12.675,12.69,12.05,12.33,353300,12.33
2014-09-30,12.96,13.0886,12.51,12.68,400800,12.68
2014-09-29,13.07,13.38,12.83,13.04,274600,13.04
2014-09-26,13.12,13.3479,12.90,13.15,241700,13.15
2014-09-25,13.95,14.10,13.075,13.12,266300,13.12
2014-09-24,13.66,14.11,13.52,13.95,154500,13.95
2014-09-23,13.43,13.995,13.25,13.78,227900,13.78
2014-09-22,13.87,13.953,13.26,13.43,258900,13.43
2014-09-19,14.20,14.3692,13.82,13.92,184100,13.92
2014-09-18,14.00,14.18,13.706,14.16,186500,14.16
2014-09-17,14.0351,14.411,13.90,13.92,164000,13.92
2014-09-16,13.87,13.986,13.5701,13.78,263500,13.78
2014-09-15,14.82,14.85,13.7801,13.97,401700,13.97
2014-09-12,15.03,15.1455,14.58,14.70,155800,14.70
2014-09-11,15.40,15.40,14.85,15.08,184000,15.08
2014-09-10,15.05,15.47,14.93,15.44,140700,15.44
2014-09-09,15.38,15.39,14.97,15.08,160300,15.08
2014-09-08,15.00,15.42,15.00,15.33,151600,15.33
2014-09-05,14.76,14.964,14.52,14.93,190400,14.93
2014-09-04,15.02,15.47,14.66,14.74,200200,14.74
2014-09-03,15.28,15.52,14.97,15.01,381800,15.01
2014-09-02,15.90,15.986,15.0386,15.28,318600,15.28
2014-09-01,15.76,15.76,15.76,15.76,000,15.76
2014-08-29,15.51,15.86,15.50,15.76,239300,15.76
2014-08-28,16.48,16.48,15.391,15.52,411500,15.52
2014-08-27,16.77,16.90,16.26,16.49,277700,16.49
2014-08-26,16.27,16.91,16.25,16.77,277300,16.77
2014-08-25,16.17,16.75,16.17,16.38,375100,16.38
2014-08-22,15.39,16.10,15.25,16.00,231600,16.00
2014-08-21,15.45,15.8099,15.20,15.41,297400,15.41
2014-08-20,16.00,16.116,15.28,15.40,336200,15.40
2014-08-19,16.00,16.15,15.65,16.02,291700,16.02
2014-08-18,15.52,16.13,15.28,15.99,593500,15.99
2014-08-15,15.32,15.39,14.52,15.15,409200,15.15
2014-08-14,14.78,15.35,14.76,15.16,441000,15.16
2014-08-13,14.01,14.65,13.84,14.51,489400,14.51
2014-08-12,13.83,13.92,13.35,13.76,273900,13.76
2014-08-11,14.30,14.407,13.70,13.87,413300,13.87
2014-08-08,13.60,14.25,13.38,14.15,401500,14.15
2014-08-07,15.10,15.15,13.36,13.65,1216200,13.65
2014-08-06,15.77,15.96,15.01,15.575,499200,15.575
2014-08-05,15.29,16.24,15.0601,15.90,684900,15.90
2014-08-04,14.09,15.26,13.85,15.17,1450100,15.17
2014-08-01,12.77,13.0799,12.57,12.80,167900,12.80
2014-07-31,12.97,13.48,12.81,12.86,263100,12.86
2014-07-30,12.87,13.48,12.81,13.17,313900,13.17
2014-07-29,13.17,13.20,12.50,12.80,522900,12.80
2014-07-28,13.70,13.70,13.27,13.35,176900,13.35
2014-07-25,13.85,13.95,13.26,13.70,228100,13.70
2014-07-24,14.33,14.43,13.86,13.94,240700,13.94
2014-07-23,14.65,14.88,14.26,14.33,173700,14.33
2014-07-22,14.91,15.14,14.56,14.64,137300,14.64
2014-07-21,15.05,15.3299,14.82,14.82,190900,14.82
2014-07-18,14.60,15.33,14.50,15.08,212000,15.08
2014-07-17,15.04,15.29,14.32,14.59,230300,14.59
2014-07-16,16.26,16.37,14.76,15.09,307000,15.09
2014-07-15,16.87,17.04,15.76,16.13,329600,16.13
2014-07-14,16.79,17.2393,16.58,16.80,133800,16.80
2014-07-11,16.74,17.12,15.8301,16.68,113600,16.68
2014-07-10,15.97,16.85,15.8301,16.79,166100,16.79
2014-07-09,16.11,16.675,15.75,16.36,237000,16.36
2014-07-08,17.29,17.57,15.90,16.11,433800,16.11
2014-07-07,17.85,18.17,17.29,17.38,317900,17.38
2014-07-04,17.90,17.90,17.90,17.90,000,17.90
2014-07-03,17.98,17.9887,17.77,17.90,107000,17.90
2014-07-02,17.46,17.9899,17.46,17.88,197300,17.88
2014-07-01,17.36,17.60,17.10,17.52,320800,17.52
2014-06-30,17.33,17.74,16.96,17.03,311000,17.03
2014-06-27,16.89,17.31,16.73,17.26,442300,17.26
2014-06-26,16.84,17.05,16.60,17.00,229900,17.00
2014-06-25,16.51,16.85,16.3701,16.80,209400,16.80
2014-06-24,16.74,16.90,16.50,16.62,324600,16.62
2014-06-23,16.52,16.6799,16.3901,16.51,243800,16.51
2014-06-20,16.73,16.75,16.32,16.56,317400,16.56
2014-06-19,16.65,16.84,16.44,16.73,385100,16.73
2014-06-18,16.43,16.58,16.13,16.37,281400,16.37
2014-06-17,16.09,16.60,15.91,16.45,419600,16.45
2014-06-16,15.70,16.19,15.50,16.16,382500,16.16
2014-06-13,15.19,15.82,15.03,15.70,381100,15.70
2014-06-12,15.79,15.926,14.77,15.32,436400,15.32
2014-06-11,16.09,16.32,15.80,15.86,256400,15.86
2014-06-10,16.08,16.32,15.9584,16.26,290500,16.26
2014-06-09,16.09,16.36,15.9101,16.18,343300,16.18
2014-06-06,16.04,16.16,15.80,16.03,213400,16.03
2014-06-05,15.88,16.10,15.77,15.99,327500,15.99
2014-06-04,15.50,15.96,15.07,15.76,278100,15.76
2014-06-03,15.62,15.7739,15.50,15.58,315800,15.58
2014-06-02,16.10,16.10,15.52,15.78,264500,15.78
2014-05-30,15.14,16.10,15.13,15.92,571300,15.92
2014-05-29,15.00,15.49,14.71,15.40,579400,15.40
2014-05-28,15.48,15.48,14.76,14.86,654500,14.86
2014-05-27,16.07,16.32,14.38,15.05,2052300,15.05
2014-05-26,16.89,16.89,16.89,16.89,000,16.89
2014-05-23,16.37,17.1199,16.01,16.89,990400,16.89
2014-05-22,16.23,16.65,15.98,16.01,525100,16.01
2014-05-21,16.71,17.00,15.80,16.15,647800,16.15
2014-05-20,16.50,17.20,16.35,16.72,738900,16.72
2014-05-19,16.02,16.49,15.99,16.38,412300,16.38
2014-05-16,16.33,16.45,15.30,15.93,424200,15.93
2014-05-15,15.85,16.35,15.64,16.31,501700,16.31
2014-05-14,15.39,15.93,15.30,15.65,245600,15.65
2014-05-13,15.76,16.10,15.42,15.50,563600,15.50
2014-05-12,14.84,15.75,14.65,15.73,733200,15.73
2014-05-09,14.34,14.50,14.00,14.40,422300,14.40
2014-05-08,14.00,14.40,13.81,14.20,616300,14.20
2014-05-07,14.10,14.2491,13.51,13.90,295900,13.90
2014-05-06,14.45,14.50,13.84,14.10,424300,14.10
2014-05-05,13.61,14.45,13.50,14.27,590200,14.27
2014-05-02,13.55,13.64,13.25,13.49,169400,13.49
2014-05-01,13.60,13.76,13.26,13.53,194300,13.53
2014-04-30,13.52,13.63,13.18,13.54,432500,13.54
2014-04-29,13.65,14.04,13.45,13.49,469300,13.49
2014-04-28,13.62,13.62,13.121,13.43,268100,13.43
2014-04-25,13.40,13.50,13.12,13.41,192700,13.41
2014-04-24,13.41,13.51,13.15,13.48,288500,13.48
2014-04-23,13.47,13.47,13.00,13.29,278700,13.29
2014-04-22,13.65,13.65,13.301,13.45,312600,13.45
2014-04-21,13.00,13.54,13.00,13.42,371500,13.42
2014-04-18,12.67,12.67,12.67,12.67,000,12.67
2014-04-17,12.79,13.09,12.58,12.67,182700,12.67
2014-04-16,12.99,13.00,12.43,12.78,199100,12.78
2014-04-15,11.96,12.74,11.70,12.72,483500,12.72
2014-04-14,12.38,12.73,11.68,11.85,359000,11.85
2014-04-11,12.50,12.909,12.16,12.19,361800,12.19
2014-04-10,13.40,13.41,12.49,12.56,428800,12.56
2014-04-09,13.78,13.78,13.00,13.18,647400,13.18
2014-04-08,12.60,13.15,12.3101,12.95,405900,12.95
2014-04-07,12.89,12.94,12.19,12.38,477700,12.38
2014-04-04,13.80,13.90,12.7601,12.889,462600,12.889
2014-04-03,14.10,14.164,13.40,13.71,518200,13.71
2014-04-02,14.30,14.39,13.85,14.04,727200,14.04
2014-04-01,14.68,14.68,13.80,14.23,2680500,14.23
2014-03-31,13.75,13.9899,13.22,13.466,586700,13.466
2014-03-28,14.40,14.83,13.39,13.50,802200,13.50
2014-03-27,14.35,14.969,13.95,14.26,534700,14.26
2014-03-26,14.45,14.6699,14.05,14.21,443000,14.21
2014-03-25,14.87,15.37,14.05,14.33,546800,14.33
2014-03-24,14.95,15.16,14.12,14.59,459800,14.59
2014-03-21,15.57,15.8999,14.77,14.90,521400,14.90
2014-03-20,16.59,16.99,15.35,15.49,577700,15.49
2014-03-19,14.74,16.75,14.71,16.65,940600,16.65
2014-03-18,14.78,15.03,14.4101,14.66,630400,14.66
2014-03-17,14.53,14.58,13.90,13.91,319100,13.91
2014-03-14,14.80,14.80,14.05,14.24,192400,14.24
2014-03-13,14.80,14.80,14.02,14.44,315100,14.44
2014-03-12,14.10,14.70,14.00,14.64,255400,14.64
2014-03-11,14.25,14.50,13.93,14.13,202200,14.13
2014-03-10,14.18,14.339,13.96,14.25,189800,14.25
2014-03-07,14.28,14.37,13.71,14.15,249500,14.15
2014-03-06,14.78,14.80,13.77,14.18,581800,14.18
2014-03-05,14.28,14.284,13.90,13.99,246300,13.99
2014-03-04,14.22,14.38,14.02,14.235,331500,14.235
2014-03-03,13.63,14.12,13.40,14.02,232800,14.02
2014-02-28,14.43,14.44,12.83,13.71,512500,13.71
2014-02-27,14.16,14.49,13.91,14.44,362500,14.44
2014-02-26,13.85,14.35,13.67,13.98,212300,13.98
2014-02-25,14.32,14.558,13.75,13.85,392000,13.85
2014-02-24,14.10,14.8258,14.08,14.25,344500,14.25
2014-02-21,14.00,14.10,13.80,14.00,243400,14.00
2014-02-20,13.65,14.18,13.33,13.90,328800,13.90
2014-02-19,13.63,14.1915,13.52,13.58,304700,13.58
2014-02-18,12.87,13.65,12.44,13.60,497500,13.60
2014-02-17,12.77,12.77,12.77,12.77,000,12.77
2014-02-14,12.60,12.90,12.37,12.77,189900,12.77
2014-02-13,12.20,12.90,12.20,12.68,229700,12.68
2014-02-12,12.74,12.84,12.32,12.37,196400,12.37
2014-02-11,12.12,12.90,12.12,12.71,340600,12.71
2014-02-10,11.46,12.17,11.272,12.14,95600,12.14
2014-02-07,10.76,11.50,10.76,11.42,176500,11.42
2014-02-06,10.59,10.90,10.40,10.68,130600,10.68
2014-02-05,10.57,10.6399,10.09,10.57,88200,10.57
2014-02-04,10.35,10.88,10.26,10.58,80700,10.58
2014-02-03,10.68,10.99,10.11,10.29,229500,10.29
2014-01-31,10.86,11.01,10.53,10.70,171100,10.70
2014-01-30,11.21,11.4405,11.01,11.01,121400,11.01
2014-01-29,11.50,11.50,10.759,11.05,183200,11.05
2014-01-28,11.13,11.83,11.13,11.37,130700,11.37
2014-01-27,12.41,12.44,11.00,11.30,278100,11.30
2014-01-24,12.77,12.92,12.35,12.45,116900,12.45
2014-01-23,12.82,12.92,12.56,12.89,85700,12.89
2014-01-22,12.87,13.00,12.71,12.84,66400,12.84
2014-01-21,12.90,12.95,12.67,12.84,91300,12.84
2014-01-20,12.88,12.88,12.88,12.88,000,12.88
2014-01-17,12.90,12.99,12.80,12.88,103700,12.88
2014-01-16,12.89,12.99,12.63,12.90,106500,12.90
2014-01-15,12.72,12.8799,12.3268,12.75,96100,12.75
2014-01-14,12.09,12.69,12.09,12.63,144100,12.63
2014-01-13,12.23,12.78,11.91,12.02,206400,12.02
2014-01-10,11.69,12.38,11.69,12.20,205900,12.20
2014-01-09,11.80,11.98,11.571,11.68,133400,11.68
2014-01-08,11.83,11.99,11.58,11.71,160500,11.71
2014-01-07,12.54,12.669,11.65,11.88,387300,11.88
2014-01-06,12.92,12.92,12.37,12.44,143200,12.44
2014-01-03,12.86,12.91,12.34,12.81,140500,12.81
2014-01-02,12.80,13.1375,12.71,12.86,97100,12.86
2014-01-01,12.79,12.79,12.79,12.79,000,12.79
2013-12-31,13.07,13.07,12.76,12.79,78900,12.79
2013-12-30,12.64,13.21,12.58,12.97,87100,12.97
2013-12-27,12.77,12.95,12.26,12.61,110300,12.61
2013-12-26,12.87,12.97,12.65,12.72,41100,12.72
2013-12-25,12.71,12.71,12.71,12.71,000,12.71
2013-12-24,12.94,12.94,12.65,12.71,67400,12.71
2013-12-23,12.01,12.84,12.01,12.75,104900,12.75
2013-12-20,12.26,12.40,12.00,12.06,211200,12.06
2013-12-19,12.21,12.40,12.18,12.20,54700,12.20
2013-12-18,12.05,12.19,11.625,12.18,150900,12.18
2013-12-17,12.25,12.28,11.82,12.07,141300,12.07
2013-12-16,12.18,12.56,11.84,12.22,105600,12.22
2013-12-13,12.02,12.30,11.90,12.18,95000,12.18
2013-12-12,11.52,12.32,11.28,12.02,192400,12.02
2013-12-11,11.63,11.72,11.29,11.57,107500,11.57
2013-12-10,11.55,11.74,11.35,11.64,121800,11.64
2013-12-09,11.30,11.849,10.92,11.54,230700,11.54
2013-12-06,11.25,11.79,11.18,11.29,118700,11.29
2013-12-05,11.16,11.16,10.83,10.97,102400,10.97
2013-12-04,11.07,11.27,10.68,11.18,116900,11.18
2013-12-03,11.20,11.70,10.90,11.06,197100,11.06
2013-12-02,11.75,11.75,10.51,11.31,414100,11.31
2013-11-29,11.79,12.47,11.752,12.32,165500,12.32
2013-11-28,11.65,11.65,11.65,11.65,000,11.65
2013-11-27,11.50,12.96,11.40,11.65,539200,11.65
2013-11-26,10.78,11.24,10.60,10.80,107900,10.80
2013-11-25,10.25,10.92,10.1725,10.79,174900,10.79
2013-11-22,10.21,10.29,10.03,10.20,92400,10.20
2013-11-21,10.15,10.29,9.99,10.15,92900,10.15
2013-11-20,10.65,10.65,9.9401,10.14,203300,10.14
2013-11-19,10.78,10.93,10.50,10.63,75400,10.63
2013-11-18,11.50,11.609,10.61,10.75,182700,10.75
2013-11-15,11.75,11.78,11.30,11.45,233600,11.45
2013-11-14,11.01,12.20,11.00,11.76,406300,11.76
2013-11-13,10.49,11.10,10.11,10.85,221800,10.85
2013-11-12,10.05,10.72,9.78,9.99,157000,9.99
2013-11-11,9.65,10.10,9.49,10.02,88400,10.02
2013-11-08,9.20,9.74,9.20,9.63,50500,9.63
2013-11-07,9.64,9.78,9.15,9.19,132400,9.19
2013-11-06,10.25,10.659,9.53,9.57,363400,9.57
2013-11-05,9.52,10.05,9.41,9.97,95200,9.97
2013-11-04,9.81,9.81,9.17,9.60,112800,9.60
2013-11-01,9.69,9.91,9.50,9.78,69600,9.78
2013-10-31,9.91,9.95,9.56,9.68,134300,9.68
2013-10-30,10.25,10.49,9.72,9.90,151900,9.90
2013-10-29,9.43,10.28,9.39,10.20,450200,10.20
2013-10-28,9.41,9.50,9.25,9.38,47200,9.38
2013-10-25,9.33,9.50,9.16,9.39,56100,9.39
2013-10-24,9.23,9.40,9.12,9.30,51900,9.30
2013-10-23,8.99,9.72,8.99,9.19,224700,9.19
2013-10-22,9.03,9.12,8.915,9.02,36500,9.02
2013-10-21,9.12,9.16,8.96,9.00,73100,9.00
2013-10-18,8.86,9.10,8.60,9.10,133400,9.10
2013-10-17,8.78,8.9399,8.60,8.76,106700,8.76
2013-10-16,8.96,9.00,8.79,8.87,239800,8.87
2013-10-15,8.99,9.00,8.71,8.95,108800,8.95
2013-10-14,9.01,9.15,8.805,9.04,122300,9.04
2013-10-11,8.84,9.15,8.84,9.05,110500,9.05
2013-10-10,8.90,9.09,8.83,8.91,97300,8.91
2013-10-09,8.74,9.02,8.44,8.81,101700,8.81
2013-10-08,8.90,8.90,8.50,8.725,193000,8.725
2013-10-07,9.01,9.02,8.87,8.92,54200,8.92
2013-10-04,8.90,9.14,8.7811,9.01,75400,9.01
2013-10-03,8.95,9.04,8.78,8.91,201800,8.91
2013-10-02,9.50,9.50,8.90,8.93,222900,8.93
2013-10-01,9.04,9.04,8.71,8.98,201000,8.98
2013-09-30,9.09,9.15,8.95,9.04,148300,9.04
2013-09-27,8.99,9.12,8.95,9.10,171800,9.10
2013-09-26,9.08,9.19,8.70,8.89,153500,8.89
2013-09-25,9.00,9.30,8.93,9.07,104300,9.07
2013-09-24,8.99,9.40,8.95,9.02,305600,9.02
2013-09-23,8.72,9.09,8.72,8.96,209100,8.96
2013-09-20,8.53,8.68,8.30,8.67,118000,8.67
2013-09-19,8.48,8.55,8.31,8.53,89600,8.53
2013-09-18,8.58,8.62,8.22,8.48,106700,8.48
2013-09-17,8.25,8.67,8.12,8.55,153000,8.55
2013-09-16,8.74,8.74,8.10,8.14,273500,8.14
2013-09-13,8.99,9.13,8.65,8.73,167000,8.73
2013-09-12,9.38,9.5999,8.93,9.01,175400,9.01
2013-09-11,9.14,9.5944,8.80,9.43,178500,9.43
2013-09-10,9.03,9.21,8.78,9.10,202800,9.10
2013-09-09,8.91,9.319,8.90,8.97,135600,8.97
2013-09-06,8.75,9.13,8.60,8.91,177900,8.91
2013-09-05,8.62,8.82,8.43,8.74,97300,8.74
2013-09-04,8.49,8.72,8.46,8.58,124800,8.58
2013-09-03,8.55,8.55,8.33,8.47,74800,8.47
2013-09-02,8.43,8.43,8.43,8.43,000,8.43
2013-08-30,8.39,8.48,8.25,8.43,42900,8.43
2013-08-29,8.12,8.48,8.101,8.43,89400,8.43
2013-08-28,8.15,8.2343,8.0901,8.12,41100,8.12
2013-08-27,8.24,8.399,8.01,8.17,75600,8.17
2013-08-26,8.34,8.56,8.25,8.31,126500,8.31
2013-08-23,8.32,8.40,8.17,8.35,53400,8.35
2013-08-22,8.25,8.42,8.23,8.31,38700,8.31
2013-08-21,8.22,8.59,8.14,8.24,94300,8.24
2013-08-20,8.07,8.42,8.03,8.23,75700,8.23
2013-08-19,7.98,8.24,7.98,8.05,84600,8.05
2013-08-16,7.93,8.14,7.81,7.92,109100,7.92
2013-08-15,8.25,8.25,7.92,7.96,141200,7.96
2013-08-14,8.37,8.73,8.27,8.34,191100,8.34
2013-08-13,7.99,8.27,7.97,8.26,80400,8.26
2013-08-12,8.01,8.25,7.90,7.91,155900,7.91
2013-08-09,7.86,8.1477,7.83,8.06,117000,8.06
2013-08-08,8.62,8.90,7.7299,7.79,364300,7.79
2013-08-07,8.56,8.74,8.40,8.58,227400,8.58
2013-08-06,8.64,8.73,8.52,8.59,149000,8.59
2013-08-05,9.07,9.07,8.501,8.61,207800,8.61
2013-08-02,9.37,9.60,9.05,9.12,231800,9.12
2013-08-01,8.75,9.64,8.70,9.40,330000,9.40
2013-07-31,9.00,9.20,8.51,8.66,637700,8.66
2013-07-30,8.34,8.42,8.24,8.39,86200,8.39
2013-07-29,8.23,8.43,8.01,8.26,81900,8.26
2013-07-26,8.05,8.33,7.9582,8.23,42000,8.23
2013-07-25,7.96,8.44,7.88,8.06,140400,8.06
2013-07-24,8.12,8.14,7.72,7.99,155100,7.99
2013-07-23,8.95,8.95,7.92,8.10,344300,8.10
2013-07-22,8.36,8.9499,8.36,8.8185,219400,8.8185
2013-07-19,7.54,8.43,7.54,8.36,266600,8.36
2013-07-18,7.35,7.80,7.35,7.55,182700,7.55
2013-07-17,7.27,7.41,7.23,7.34,135700,7.34
2013-07-16,7.33,7.384,7.22,7.26,68100,7.26
2013-07-15,7.30,7.42,7.26,7.30,127100,7.30
2013-07-12,7.30,7.31,7.13,7.28,210600,7.28
2013-07-11,7.44,7.44,7.11,7.25,89100,7.25
2013-07-10,7.33,7.38,7.28,7.34,67800,7.34
2013-07-09,7.43,7.45,7.29,7.35,65000,7.35
2013-07-08,7.55,7.64,7.32,7.39,132000,7.39
2013-07-05,7.55,7.63,7.50,7.55,70600,7.55
2013-07-04,7.46,7.46,7.46,7.46,000,7.46
2013-07-03,7.57,7.69,7.43,7.46,45500,7.46
2013-07-02,7.64,7.79,7.40,7.65,103400,7.65
2013-07-01,7.34,7.70,7.20,7.62,172400,7.62
2013-06-28,7.00,7.34,6.94,7.20,541200,7.20
2013-06-27,6.94,7.0999,6.87,7.00,44000,7.00
2013-06-26,6.95,6.96,6.827,6.88,45100,6.88
2013-06-25,6.96,7.08,6.86,6.89,50200,6.89
2013-06-24,6.80,6.878,6.7101,6.85,52400,6.85
2013-06-21,6.78,6.91,6.70,6.89,100900,6.89
2013-06-20,6.90,6.96,6.71,6.74,60200,6.74
2013-06-19,7.10,7.10,6.96,6.98,14300,6.98
2013-06-18,7.07,7.14,7.02,7.08,44400,7.08
2013-06-17,7.01,7.19,6.99,7.07,76500,7.07
2013-06-14,7.05,7.05,6.95,6.99,21500,6.99
2013-06-13,7.03,7.07,6.98,7.04,25900,7.04
2013-06-12,7.08,7.08,6.93,7.00,51800,7.00
2013-06-11,6.92,7.09,6.83,7.03,38600,7.03
2013-06-10,7.06,7.2415,6.88,7.01,28600,7.01
2013-06-07,7.10,7.159,6.89,7.08,38900,7.08
2013-06-06,6.99,7.10,6.89,7.10,62800,7.10
2013-06-05,7.06,7.10,6.95,6.97,30000,6.97
2013-06-04,7.38,7.38,6.99,7.04,60500,7.04
2013-06-03,7.32,7.39,7.1564,7.38,64400,7.38
2013-05-31,7.00,7.42,6.97,7.35,192100,7.35
2013-05-30,6.94,7.07,6.94,7.07,50100,7.07
2013-05-29,7.20,7.3288,6.77,6.83,120700,6.83
2013-05-28,7.23,7.33,7.0001,7.19,52200,7.19
2013-05-27,7.12,7.12,7.12,7.12,000,7.12
2013-05-24,7.02,7.1554,7.0001,7.12,25200,7.12
2013-05-23,6.90,7.07,6.90,7.06,25100,7.06
2013-05-22,7.14,7.1699,6.90,6.94,28200,6.94
2013-05-21,7.10,7.14,6.97,7.11,37100,7.11
2013-05-20,7.18,7.18,7.00,7.12,38000,7.12
2013-05-17,7.16,7.33,6.95,7.15,79100,7.15
2013-05-16,7.17,7.23,7.041,7.16,22200,7.16
2013-05-15,6.96,7.22,6.96,7.22,45900,7.22
2013-05-14,7.12,7.12,6.93,6.97,44900,6.97
2013-05-13,7.02,7.14,6.9501,7.14,66500,7.14
2013-05-10,6.83,7.1667,6.83,7.09,61600,7.09
2013-05-09,7.10,7.108,6.685,6.71,126400,6.71
2013-05-08,6.91,7.13,6.91,7.08,30100,7.08
2013-05-07,7.18,7.18,6.90,6.94,91400,6.94
2013-05-06,7.22,7.34,7.10,7.18,97000,7.18
2013-05-03,7.16,7.25,7.05,7.22,22500,7.22
2013-05-02,6.90,7.14,6.65,7.05,84700,7.05
2013-05-01,7.31,7.43,6.76,6.83,165700,6.83
2013-04-30,7.73,7.76,7.19,7.28,367600,7.28
2013-04-29,7.89,7.9099,7.28,7.74,75700,7.74
2013-04-26,7.73,7.75,7.46,7.55,111100,7.55
2013-04-25,7.74,7.80,7.46,7.71,58100,7.71
2013-04-24,7.79,7.99,7.71,7.75,100100,7.75
2013-04-23,7.37,7.733,7.37,7.70,82900,7.70
2013-04-22,7.50,7.52,7.319,7.49,52800,7.49
2013-04-19,7.41,7.58,7.3301,7.50,144000,7.50
2013-04-18,7.36,7.50,7.29,7.47,46600,7.47
2013-04-17,7.35,7.5899,7.28,7.37,61000,7.37
2013-04-16,7.50,7.59,7.28,7.39,97200,7.39
2013-04-15,7.57,7.59,7.40,7.44,159200,7.44
2013-04-12,7.50,7.62,7.06,7.49,912800,7.49
2013-04-11,8.47,8.782,7.27,7.28,129400,7.28
2013-04-10,8.42,8.67,8.36,8.63,23200,8.63
2013-04-09,8.43,8.615,8.38,8.38,17100,8.38
2013-04-08,8.55,8.55,8.30,8.47,17100,8.47
2013-04-05,8.75,8.75,8.42,8.55,31500,8.55
2013-04-04,8.99,9.12,8.83,8.91,42500,8.91
2013-04-03,8.68,8.99,8.36,8.87,49700,8.87
2013-04-02,8.62,8.99,8.62,8.63,21900,8.63
2013-04-01,8.99,8.99,8.389,8.52,15400,8.52
2013-03-29,9.00,9.00,9.00,9.00,000,9.00
2013-03-28,9.53,9.53,8.27,9.00,47900,9.00
2013-03-27,9.74,9.75,9.39,9.50,32700,9.50
2013-03-26,9.81,9.81,9.63,9.72,38300,9.72
2013-03-25,9.00,10.487,8.77,9.63,56000,9.63
2013-03-22,8.96,8.98,8.90,8.94,9500,8.94
2013-03-21,8.75,8.95,8.75,8.94,12100,8.94
2013-03-20,8.78,9.01,8.65,8.84,25400,8.84
2013-03-19,8.80,8.85,8.36,8.63,31500,8.63
2013-03-18,8.69,8.885,8.69,8.74,12800,8.74
2013-03-15,8.29,8.95,8.29,8.85,110700,8.85
2013-03-14,8.97,9.04,8.20,8.25,30500,8.25
2013-03-13,8.81,9.01,8.7257,8.98,21100,8.98
2013-03-12,8.88,8.985,8.61,8.80,13800,8.80
2013-03-11,9.01,9.01,8.4804,8.87,16500,8.87
2013-03-08,9.00,9.00,8.7625,8.98,14100,8.98
2013-03-07,8.95,9.00,8.81,8.94,13500,8.94
2013-03-06,8.90,9.05,8.90,8.98,20500,8.98
2013-03-05,8.75,8.85,8.58,8.84,20200,8.84
2013-03-04,8.28,8.70,8.28,8.68,10000,8.68
2013-03-01,8.43,8.43,8.22,8.28,9900,8.28
2013-02-28,8.50,8.9475,8.24,8.55,23300,8.55
2013-02-27,8.90,8.999,8.37,8.42,37400,8.42
2013-02-26,7.79,9.27,7.79,8.79,87800,8.79
2013-02-25,7.80,8.00,7.45,7.75,52400,7.75
2013-02-22,7.30,7.61,7.30,7.54,12000,7.54
2013-02-21,7.37,7.37,7.141,7.26,13600,7.26
2013-02-20,7.62,7.70,7.31,7.34,15100,7.34
2013-02-19,7.70,7.80,7.46,7.54,13600,7.54
2013-02-18,7.70,7.70,7.70,7.70,000,7.70
2013-02-15,7.70,7.70,7.59,7.70,10400,7.70
2013-02-14,7.72,7.80,7.60,7.70,8200,7.70
2013-02-13,7.59,7.75,7.5899,7.73,3100,7.73
2013-02-12,7.49,7.639,7.32,7.49,6100,7.49
2013-02-11,7.74,7.75,7.436,7.48,18500,7.48
2013-02-08,7.90,7.90,7.622,7.74,13600,7.74
2013-02-07,7.82,7.90,7.55,7.90,11300,7.90
2013-02-06,7.92,8.28,7.70,7.80,16700,7.80
2013-02-05,7.77,7.96,7.52,7.96,10800,7.96
2013-02-04,7.75,7.94,7.65,7.73,40000,7.73
2013-02-01,7.68,7.935,7.41,7.81,97500,7.81
2013-01-31,7.65,7.62,7.47,7.62,13800,7.62
2013-01-30,7.60,7.60,7.33,7.46,20800,7.46
2013-01-29,7.75,7.7799,7.40,7.50,28800,7.50
2013-01-28,7.70,7.79,7.6001,7.79,15000,7.79
2013-01-25,7.60,7.70,7.46,7.70,19600,7.70
2013-01-24,7.63,7.76,7.58,7.60,22500,7.60
2013-01-23,7.08,7.84,7.08,7.66,173100,7.66
2013-01-22,7.73,7.97,7.70,7.90,30400,7.90
2013-01-21,7.75,7.75,7.75,7.75,000,7.75
2013-01-18,7.89,7.89,7.66,7.75,32600,7.75
2013-01-17,7.87,7.99,7.80,7.92,17400,7.92
2013-01-16,7.91,7.91,7.83,7.83,14500,7.83
2013-01-15,7.65,8.00,7.65,7.84,32300,7.84
2013-01-14,7.81,7.94,7.56,7.60,91500,7.60
2013-01-11,8.11,8.40,7.64,7.69,42600,7.69
2013-01-10,7.93,8.12,7.93,8.08,11900,8.08
2013-01-09,7.70,8.00,7.70,7.89,34100,7.89
2013-01-08,7.77,7.77,7.56,7.67,11800,7.67
2013-01-07,7.65,7.9699,7.54,7.66,29400,7.66
2013-01-04,8.19,8.34,7.25,7.64,82700,7.64
2013-01-03,8.09,8.28,7.9801,8.11,7200,8.11
2013-01-02,7.81,8.24,7.65,8.02,38900,8.02
2013-01-01,7.64,7.64,7.64,7.64,000,7.64
2012-12-31,7.61,7.64,7.32,7.64,11200,7.64
2012-12-28,7.42,7.88,7.29,7.58,24100,7.58
2012-12-27,7.60,7.60,7.40,7.45,12300,7.45
2012-12-26,8.00,8.57,7.58,7.58,17300,7.58
2012-12-25,7.97,7.97,7.97,7.97,000,7.97
2012-12-24,8.33,8.33,7.91,7.97,2900,7.97
2012-12-21,8.62,8.62,7.52,8.35,135800,8.35
2012-12-20,9.21,9.79,8.30,8.46,171800,8.46
2012-12-19,9.72,9.8599,9.10,9.36,10700,9.36
2012-12-18,9.50,9.905,9.28,9.68,13400,9.68
2012-12-17,8.97,10.63,8.71,9.49,40000,9.49
2012-12-14,8.81,8.98,8.52,8.98,21500,8.98
2012-12-13,8.82,9.00,8.73,8.86,19400,8.86
2012-12-12,8.97,9.00,8.71,8.84,6500,8.84
2012-12-11,9.05,9.17,8.15,8.99,38700,8.99
2012-12-10,9.05,9.05,8.42,8.95,11000,8.95
2012-12-07,8.61,9.07,7.97,9.07,11500,9.07
2012-12-06,8.34,8.54,8.06,8.54,5800,8.54
2012-12-05,8.97,9.00,8.25,8.32,10800,8.32
2012-12-04,8.70,9.19,8.70,8.93,4000,8.93
2012-12-03,9.10,9.15,8.81,8.82,5000,8.82
2012-11-30,9.08,9.24,8.94,9.09,17200,9.09
2012-11-29,9.14,9.201,8.91,9.05,11700,9.05
2012-11-28,8.84,9.06,8.84,9.06,2800,9.06
2012-11-27,8.75,8.96,8.62,8.88,8200,8.88
2012-11-26,8.42,8.90,8.42,8.73,12200,8.73
2012-11-23,7.97,8.18,7.88,8.08,4900,8.08
2012-11-22,7.94,7.94,7.94,7.94,000,7.94
2012-11-21,7.7765,7.94,7.7765,7.94,1400,7.94
2012-11-20,8.32,8.32,7.51,7.92,14200,7.92
2012-11-19,7.36,8.35,7.01,8.35,41300,8.35
2012-11-16,7.01,7.60,7.00,7.30,108900,7.30
2012-11-15,7.30,7.336,7.00,7.00,4500,7.00
2012-11-14,7.33,7.57,7.17,7.30,6400,7.30
2012-11-13,7.60,7.70,7.50,7.61,7600,7.61
2012-11-12,7.71,7.875,7.34,7.78,9600,7.78
2012-11-09,7.17,7.73,6.75,7.71,34000,7.71
2012-11-08,7.20,7.31,7.20,7.20,10100,7.20
2012-11-07,7.60,7.65,7.00,7.08,41500,7.08
2012-11-06,7.64,8.00,7.53,7.66,25800,7.66
2012-11-05,7.16,8.41,7.16,7.62,25500,7.62
2012-11-02,7.90,7.95,7.10,7.12,30700,7.12
2012-11-01,7.94,8.38,7.78,7.90,14100,7.90
2012-10-31,8.35,8.39,7.25,7.96,39300,7.96
2012-10-30,8.37,8.37,8.37,8.37,000,8.37
2012-10-29,8.37,8.37,8.37,8.37,000,8.37
2012-10-26,8.22,9.47,8.21,8.37,5100,8.37
2012-10-25,8.27,8.342,8.10,8.24,6700,8.24
2012-10-24,8.49,8.51,8.16,8.23,6700,8.23
2012-10-23,8.46,8.56,8.32,8.37,17100,8.37
2012-10-22,8.56,8.95,8.41,8.46,11500,8.46
2012-10-19,8.94,8.99,8.55,8.55,24200,8.55
2012-10-18,9.29,9.40,8.80,8.87,23200,8.87
2012-10-17,9.35,9.49,9.00,9.27,54100,9.27
2012-10-16,9.74,9.80,9.30,9.49,16600,9.49
2012-10-15,9.47,9.75,9.30,9.64,13200,9.64
2012-10-12,9.24,9.80,9.07,9.47,8000,9.47
2012-10-11,9.58,9.605,9.15,9.26,18000,9.26
2012-10-10,9.49,9.739,9.29,9.69,9000,9.69
2012-10-09,9.41,9.75,9.25,9.38,20500,9.38
2012-10-08,9.80,9.97,9.31,9.61,8500,9.61
2012-10-05,9.96,10.00,9.20,9.81,17200,9.81
2012-10-04,9.86,9.90,9.67,9.90,24400,9.90
2012-10-03,9.94,9.96,9.67,9.84,19300,9.84
2012-10-02,9.96,10.00,9.45,9.95,39400,9.95
2012-10-01,9.43,9.89,9.18,9.89,81300,9.89
2012-09-28,8.62,10.50,8.51,9.40,942800,9.40
2012-09-27,9.03,9.03,8.62,8.83,27300,8.83
2012-09-26,8.96,9.00,8.85,9.00,17500,9.00
2012-09-25,8.96,9.00,8.71,8.89,28600,8.89
2012-09-24,8.50,9.00,8.50,8.98,20700,8.98
2012-09-21,8.92,9.0999,8.56,8.56,28700,8.56
2012-09-20,8.48,9.05,8.00,8.94,17800,8.94
2012-09-19,8.77,9.10,8.46,8.96,23300,8.96
2012-09-18,8.95,9.10,8.81,8.81,16500,8.81
2012-09-17,8.87,9.00,8.53,8.83,16500,8.83
2012-09-14,8.91,9.00,8.05,8.67,13900,8.67
2012-09-13,8.96,9.13,8.77,8.99,15300,8.99
2012-09-12,9.35,9.66,8.72,8.95,16100,8.95
2012-09-11,9.58,9.85,9.345,9.53,32700,9.53
2012-09-10,9.74,9.82,9.01,9.33,13800,9.33
2012-09-07,10.20,10.20,9.2201,9.86,16500,9.86
2012-09-06,9.88,9.88,9.23,9.79,32100,9.79
2012-09-05,8.95,10.50,8.94,9.50,17300,9.50
2012-09-04,8.70,9.00,8.54,8.77,7900,8.77
2012-09-03,8.57,8.57,8.57,8.57,000,8.57
2012-08-31,8.55,8.863,8.55,8.57,8300,8.57
2012-08-30,8.26,8.83,8.15,8.17,2700,8.17
2012-08-29,8.15,8.509,8.15,8.25,15000,8.25
2012-08-28,8.40,8.55,8.15,8.18,14700,8.18
2012-08-27,8.11,8.8099,8.10,8.12,12600,8.12
2012-08-24,8.53,8.534,8.07,8.10,9300,8.10
2012-08-23,8.32,8.66,8.27,8.53,8900,8.53
2012-08-22,8.06,8.57,8.01,8.43,7700,8.43
2012-08-21,8.16,8.50,8.05,8.05,11100,8.05
2012-08-20,8.41,8.55,7.97,8.15,15000,8.15
2012-08-17,9.03,9.239,8.50,8.50,36000,8.50
2012-08-16,8.79,9.25,8.71,9.05,25900,9.05
2012-08-15,8.91,9.00,8.71,8.76,20000,8.76
2012-08-14,8.32,9.099,8.25,8.44,50800,8.44
2012-08-13,7.60,8.33,7.60,7.86,45800,7.86
2012-08-10,7.05,7.35,6.95,7.35,13700,7.35
2012-08-09,7.26,7.26,6.68,6.93,59400,6.93
2012-08-08,7.45,7.69,7.25,7.4768,16900,7.4768
2012-08-07,8.17,8.23,7.33,7.70,32300,7.70
2012-08-06,8.25,8.60,8.075,8.15,9800,8.15
2012-08-03,8.40,8.7075,8.35,8.47,14100,8.47
2012-08-02,8.50,8.50,8.25,8.39,18500,8.39
2012-08-01,8.51,9.00,8.50,8.73,4200,8.73
2012-07-31,8.60,8.91,8.313,8.51,22300,8.51
2012-07-30,8.80,9.14,8.37,8.77,35900,8.77
2012-07-27,8.71,8.94,8.401,8.50,21900,8.50
2012-07-26,9.89,9.89,8.02,8.70,72000,8.70
2012-07-25,9.40,9.40,9.00,9.381,16200,9.381
2012-07-24,9.45,9.45,9.12,9.12,13200,9.12
2012-07-23,9.44,9.4899,9.10,9.48,36100,9.48
2012-07-20,8.88,9.50,8.75,9.50,91600,9.50
2012-07-19,10.00,10.00,8.99,9.04,1848300,9.04
