Date,Open,High,Low,Close,Volume,Adj Close
8/14/2015,90.33,90.51,90,90.32,17810,90.32
8/13/2015,90.17,90.54,90.17,90.49,15700,90.49
8/12/2015,90.73,91.11,90.69,90.81,13710,90.81
8/11/2015,89.98,90.18,89.64,89.94,184230,89.94
8/10/2015,89.19,89.76,89.09,89.52,125840,89.52
8/7/2015,88.7,89.52,88.63,89.45,29120,89.45
8/6/2015,88.63,89.08,88.63,89.03,18440,89.03
8/5/2015,89,89.03,88.38,88.59,45180,88.59
8/4/2015,89.78,89.85,89.07,89.16,13930,89.16
8/3/2015,89.85,89.94,89.38,89.62,353420,89.62
7/31/2015,90.42,90.64,89.68,89.82,17250,89.82
7/30/2015,89.19,89.62,89.17,89.42,13610,89.42
7/29/2015,90.07,90.07,89.54,89.6,17000,89.6
7/28/2015,89.78,90.24,89.78,90.1,37410,90.1
7/27/2015,90.29,90.52,90.13,90.14,40060,90.14
7/24/2015,89.52,89.76,89.26,89.45,52140,89.45
7/23/2015,89.3,89.63,89.27,89.61,29540,89.61
7/22/2015,89,89.05,88.75,89.05,10820,89.05
7/21/2015,88.6,89.23,88.5,88.95,14550,88.95
7/20/2015,88.43,88.76,88.38,88.44,23000,88.44
7/17/2015,88.43,88.65,88.43,88.46,21670,88.46
7/16/2015,88.47,88.78,88.34,88.45,19580,88.45
7/15/2015,88.74,88.98,88.74,88.83,15480,88.83
7/14/2015,89,89.02,88.72,88.82,12840,88.82
7/13/2015,88.94,88.99,88.62,88.82,14550,88.82
7/10/2015,89.79,89.91,89.31,89.42,214000,89.42
7/9/2015,89.7,89.93,89.29,89.52,29410,89.52
7/8/2015,89.81,90.13,89.62,89.92,23680,89.92
7/7/2015,89.1,89.45,88.92,89.35,46160,89.35
7/6/2015,89.11,89.48,89.02,89.17,67500,89.17
7/2/2015,88.9,91.74,88.78,89.2,215910,89.2
7/1/2015,89.68,89.68,88.83,89.15,30240,89.15
6/30/2015,90.24,90.25,89.69,89.79,19330,89.79
6/29/2015,89.45,90.54,89.45,90.3,16420,90.3
6/26/2015,89.6,89.61,89.24,89.41,13990,89.41
6/25/2015,89.93,90.1,89.8,89.94,17160,89.94
6/24/2015,89.84,90.12,89.6,89.93,18760,89.93
6/23/2015,89.71,90.08,89.49,89.61,63600,89.61
6/22/2015,91.05,91.05,90.57,90.65,30390,90.65
6/19/2015,91.07,91.24,90.88,91.24,20360,91.24
6/18/2015,90.99,91.4,90.82,91.13,26260,91.13
6/17/2015,90.1,90.89,89.7,90.8,19830,90.8
6/16/2015,89.81,90.1,89.8,89.97,20470,89.97
6/15/2015,89.75,90.25,89.75,90.07,30000,90.07
6/12/2015,89.63,90.32,89.63,89.99,16200,89.99
6/11/2015,89.89,90.27,89.62,90.06,35390,90.06
6/10/2015,90.13,90.35,89.83,90.11,27420,90.11
6/9/2015,89.9,89.98,89.51,89.83,21240,89.83
6/8/2015,89.1,90.1,89.1,89.83,42650,89.83
6/5/2015,88.65,89.22,88.56,89.04,29810,89.04
6/4/2015,90.18,90.61,89.96,90.2,25890,90.2
6/3/2015,89.83,90.41,89.83,90.28,25450,90.28
6/2/2015,89.83,90.42,89.83,90.05,119960,90.05
6/1/2015,90.29,90.29,89.25,89.28,147030,89.28
5/29/2015,90.18,90.62,90.18,90.28,18160,90.28
5/28/2015,89.98,90.4,89.47,89.95,13630,89.95
5/27/2015,89.8,90.2,89.52,90.03,30780,90.03
5/26/2015,90.12,90.23,89.92,89.98,28070,89.98
5/22/2015,91.23,91.23,90.63,90.96,19620,90.96
5/21/2015,91.58,91.78,91.31,91.66,15380,91.66
5/20/2015,91.45,91.81,91.2,91.36,19530,91.36
5/19/2015,91.81,91.98,91.55,91.85,76450,91.85
5/18/2015,93.21,93.21,92.53,92.53,22260,92.53
5/15/2015,93.02,93.96,92.97,93.95,14060,93.95
5/14/2015,93.1,93.24,92.68,93.03,41400,93.03
5/13/2015,92.9,93.23,92.69,92.82,32580,92.82
5/12/2015,92.11,92.31,91.85,92.14,17360,92.14
5/11/2015,92.24,92.41,91.85,91.93,66570,91.93
5/8/2015,93.15,93.15,92.52,92.75,15550,92.75
5/7/2015,92.71,92.72,92.47,92.52,23660,92.52
5/6/2015,92.87,93.39,92.43,93.11,50120,93.11
5/5/2015,92.41,92.71,92.25,92.49,98190,92.49
5/4/2015,92.95,93.09,92.56,92.71,196490,92.71
5/1/2015,93.42,93.43,92.88,93.09,288070,93.09
4/30/2015,93.12,93.73,92.92,93.58,11770,93.58
4/29/2015,93.06,93.9,93.04,93.33,20920,93.33
4/28/2015,92.76,93.31,92.44,93.24,125230,93.24
4/27/2015,92.22,93.01,92.17,92.54,36190,92.54
4/24/2015,92.47,92.58,92.12,92.41,84200,92.41
4/23/2015,91.44,92.25,91.14,92.06,13860,92.06
4/22/2015,91.83,92.06,91.33,91.5,27350,91.5
4/21/2015,91.55,92.03,91.4,91.58,15200,91.58
4/20/2015,92.09,92.34,91.69,91.94,32720,91.94
4/17/2015,92.22,92.54,92.01,92.4,26410,92.4
4/16/2015,92,92.52,91.65,92.23,44150,92.23
4/15/2015,91.48,91.78,90.9,91.72,17850,91.72
4/14/2015,91.2,91.49,90.99,91,59470,91
4/13/2015,90.39,90.62,90.31,90.58,36970,90.58
4/10/2015,90.58,90.84,90.38,90.52,62350,90.52
4/9/2015,91.61,91.61,90.4,90.7,46520,90.7
4/8/2015,92.06,92.27,91.58,91.68,21050,91.68
4/7/2015,91.94,92.21,91.64,91.68,19670,91.68
4/6/2015,92.94,93.38,92.25,92.4,22800,92.4
4/2/2015,92.09,92.26,91.84,91.84,290290,91.84
4/1/2015,91.58,92.17,91.58,91.64,100190,91.64
3/31/2015,91.3,91.56,91.12,91.53,26840,91.53
3/30/2015,91.99,92.08,91.5,91.55,33210,91.55
3/27/2015,92.31,92.87,92.2,92.3,24150,92.3
3/26/2015,93.06,93.06,92.23,92.31,31100,92.31
3/25/2015,92.75,92.96,92.65,92.73,44550,92.73
3/24/2015,92.85,92.85,92.26,92.49,55880,92.49
3/23/2015,92.39,92.91,92.16,92.73,38600,92.73
3/20/2015,91.61,92.56,91.61,92,92980,92
3/19/2015,90.87,91.3,90.5,90.75,46510,90.75
3/18/2015,90.09,92.49,90,92.02,45490,92.02
3/17/2015,90.05,90.53,89.85,90.02,18600,90.02
3/16/2015,90.1,90.34,89.81,89.88,22470,89.88
3/13/2015,89.99,89.99,89.32,89.32,31270,89.32
3/12/2015,90.19,90.7,89.86,90.19,19090,90.19
3/11/2015,90.07,90.36,89.58,89.64,37590,89.64
3/10/2015,90.86,91.38,90.25,90.29,50460,90.29
3/9/2015,91.26,91.45,90.7,90.71,26820,90.71
3/6/2015,91.02,91.42,90.67,90.79,17440,90.79
3/5/2015,92,92.53,91.85,92.05,40270,92.05
3/4/2015,92.96,93.12,92.08,92.33,58260,92.33
3/3/2015,93.25,93.4,92.74,92.8,260080,92.8
3/2/2015,95.56,95.56,92.88,92.9,104250,92.9
2/27/2015,93.51,93.73,93.2,93.27,32390,93.27
2/26/2015,93.92,93.92,93.12,93.12,21380,93.12
2/25/2015,93.5,94.55,93.5,94.15,31560,94.15
2/24/2015,93.22,93.87,93.22,93.53,25050,93.53
2/23/2015,93.53,93.83,93.41,93.79,22520,93.79
2/20/2015,93.56,94.08,93.41,93.86,23660,93.86
2/19/2015,93.59,93.96,93.31,93.4,23680,93.4
2/18/2015,93.43,93.98,93.27,93.78,68970,93.78
2/17/2015,94.12,94.24,93.68,93.73,34700,93.73
2/13/2015,94.03,94.24,93.8,94.02,30040,94.02
2/12/2015,93.54,94.22,93.54,94.11,44300,94.11
2/11/2015,93.37,93.37,92.85,92.94,34660,92.94
2/10/2015,93.23,93.56,93.21,93.24,36020,93.24
2/9/2015,93.47,94,93.46,93.84,51680,93.84
2/6/2015,94.17,94.17,93.54,93.58,23520,93.58
2/5/2015,94.42,95.03,94.38,94.84,31720,94.84
2/4/2015,94.73,94.73,94.28,94.42,44320,94.42
2/3/2015,94.47,95.25,94.39,94.85,39450,94.85
2/2/2015,94.33,94.57,94.07,94.38,490890,94.38
1/30/2015,93.97,94.17,93.85,94.05,34650,94.05
1/29/2015,93.99,94.31,93.46,93.68,37330,93.68
1/28/2015,94.14,94.48,93.9,94.05,37760,94.05
1/27/2015,94.3,94.73,93.95,94.25,102060,94.25
1/26/2015,93.65,94.02,93.61,93.61,55920,93.61
1/23/2015,93.38,94.18,93.23,93.54,49710,93.54
1/22/2015,95.01,95.01,93.78,93.85,74520,93.85
1/21/2015,95.33,95.94,94.85,95.14,88810,95.14
1/20/2015,95.28,95.48,94.91,95.27,57340,95.27
1/16/2015,95.57,95.7,95.05,95.49,27830,95.49
1/15/2015,96.01,96.01,95.45,95.76,38760,95.76
1/14/2015,96.32,96.37,95.89,96.01,27390,96.01
1/13/2015,95.53,95.78,95.25,95.39,32280,95.39
1/12/2015,95.67,95.95,95.55,95.72,28350,95.72
1/9/2015,95.15,95.74,95,95.56,38140,95.56
1/8/2015,95.2,95.37,94.98,95.11,47560,95.11
1/7/2015,95.4,95.73,95.19,95.5,108360,95.5
1/6/2015,95.95,96.44,95.89,95.89,56610,95.89
1/5/2015,95.65,96.18,95.52,95.71,334030,95.71
1/2/2015,96.21,96.58,96.01,96.58,156780,96.58
12/31/2014,96.65,96.94,96.21,96.78,83390,96.78
12/30/2014,96.87,97.11,96.45,96.95,53070,96.95
12/29/2014,96.52,96.95,96.21,96.39,58550,96.39
12/26/2014,96.31,96.5,96.29,96.42,145700,96.42
12/24/2014,96.2,96.42,95.9,96.41,56460,96.41
12/23/2014,96.35,96.74,95.98,95.99,88490,95.99
12/22/2014,96.72,97.21,96.5,96.8,46540,96.8
12/19/2014,97.17,97.39,96.51,96.68,48790,96.68
12/18/2014,97.2,97.3,96.82,96.97,66790,96.97
12/17/2014,98.37,98.52,97.2,97.24,173300,97.24
12/16/2014,98.64,98.8,98.09,98.37,27100,98.37
12/15/2014,97.56,98.13,97.49,97.87,40840,97.87
12/12/2014,97.87,98.1,97.43,97.92,40640,97.92
12/11/2014,97.44,97.44,97.1,97.26,37870,97.26
12/10/2014,97.31,97.77,97.3,97.76,23190,97.76
12/9/2014,96.91,97.59,96.91,96.91,51100,96.91
12/8/2014,96.08,96.67,96.02,96.48,50190,96.48
12/5/2014,96.43,96.43,95.98,96,41600,96
12/4/2014,96.84,97.35,96.6,96.73,61990,96.73
12/3/2014,96.71,96.76,96.47,96.56,48710,96.56
12/2/2014,97.24,97.36,96.87,96.87,74650,96.87
12/1/2014,97.89,98,97.53,97.64,72070,97.64
11/28/2014,98.3,98.3,97.55,97.79,23150,97.79
11/26/2014,97.9,98.17,97.68,97.8,48660,97.8
11/25/2014,97.22,97.81,97.22,97.66,20350,97.66
11/24/2014,97.05,97.27,97,97.27,41590,97.27
11/21/2014,97.16,97.36,96.88,97.05,20920,97.05
11/20/2014,97.58,97.66,97.28,97.37,38760,97.37
11/19/2014,97.47,97.61,97.16,97.41,64680,97.41
11/18/2014,97.68,97.74,97.46,97.49,15140,97.49
11/17/2014,97.47,97.47,97.16,97.19,19700,97.19
11/14/2014,97.13,97.83,96.9,97.6,57280,97.6
11/13/2014,97.58,97.73,97.19,97.19,62740,97.19
11/12/2014,97.51,97.74,97.11,97.13,22400,97.13
11/11/2014,97.2,97.69,97.06,97.39,56630,97.39
11/10/2014,97.68,97.69,97.08,97.13,164110,97.13
11/7/2014,97.04,97.54,97.04,97.41,95230,97.41
11/6/2014,97.22,97.4,96.76,96.77,470100,96.77
11/5/2014,97.7,97.9,97.49,97.59,20630,97.59
11/4/2014,98.2,98.57,98.08,98.19,54440,98.19
11/3/2014,97.73,98.14,97.63,97.94,117950,97.94
10/31/2014,98.5,98.8,98.27,98.47,27760,98.47
10/30/2014,99.34,99.78,99.34,99.41,67790,99.41
10/29/2014,100.17,100.45,99.31,99.45,59840,99.45
10/28/2014,100.13,100.3,100.01,100.11,21430,100.11
10/27/2014,99.98,100.13,99.8,99.92,233290,99.92
10/24/2014,99.71,100,99.64,99.64,15410,99.64
10/23/2014,99.65,99.78,99.49,99.54,22780,99.54
10/22/2014,100.03,100.21,99.86,99.89,45110,99.89
10/21/2014,100.42,100.67,100.22,100.22,50320,100.22
10/20/2014,100.35,100.9,100.35,100.63,47820,100.63
10/17/2014,100.65,100.87,100.47,100.47,54770,100.47
10/16/2014,101.03,101.1,100.67,100.78,40870,100.78
10/15/2014,101.44,102.43,101.07,101.32,79090,101.32
10/14/2014,100.19,100.5,100.19,100.27,25530,100.27
10/13/2014,100.21,100.47,100.12,100.45,67830,100.45
10/10/2014,99.9,100.1,99.68,99.72,28140,99.72
10/9/2014,100.44,100.49,100,100.09,35630,100.09
10/8/2014,99.98,100.47,99.64,100.45,229750,100.45
10/7/2014,99.67,99.98,99.49,99.94,28100,99.94
10/6/2014,98.84,99.71,98.79,99.48,110750,99.48
10/3/2014,98.6,98.78,98.44,98.52,78260,98.52
10/2/2014,99.73,100,99.39,99.63,56090,99.63
10/1/2014,99.28,99.52,99.03,99.03,172770,99.03
9/30/2014,99.18,99.49,99.02,99.26,36640,99.26
9/29/2014,99.71,99.82,99.34,99.59,42560,99.59
9/26/2014,99.89,99.95,99.3,99.3,34970,99.3
9/25/2014,99.72,100.25,99.6,100.14,50480,100.14
9/24/2014,100.22,100.32,100.02,100.02,20560,100.02
9/23/2014,100.56,100.61,100.3,100.41,16160,100.41
9/22/2014,100.03,100.52,100.01,100.27,61430,100.27
9/19/2014,100.48,100.48,100.01,100.01,211560,100.01
9/18/2014,100.25,100.54,100.1,100.54,68590,100.54
9/17/2014,101.02,101.09,100.26,100.27,32810,100.27
9/16/2014,100.71,101.11,100.62,100.85,35760,100.85
9/15/2014,100.71,100.88,100.65,100.71,61070,100.71
9/12/2014,100.53,101,100.48,100.72,94630,100.72
9/11/2014,101.07,101.15,100.79,100.79,44660,100.79
9/10/2014,101.11,101.31,100.88,101.22,57700,101.22
9/9/2014,101.28,101.64,101.22,101.51,45110,101.51
9/8/2014,102.16,102.27,101.63,101.74,81350,101.74
9/5/2014,102.05,102.53,102.05,102.21,37550,102.21
9/4/2014,102.71,102.71,101.91,102.1,61610,102.1
9/3/2014,103.07,103.18,102.84,102.99,45450,102.99
9/2/2014,103.15,103.23,102.84,103.09,208460,103.09
8/29/2014,104,104.11,103.61,103.79,29200,103.79
8/28/2014,104.4,104.4,103.95,104.03,24940,104.03
8/27/2014,104.05,104.33,104.05,104.3,23250,104.3
8/26/2014,104.04,104.04,103.6,103.74,24610,103.74
8/25/2014,103.82,103.89,103.52,103.75,12910,103.75
8/22/2014,103.89,103.95,103.54,103.73,31180,103.73
8/21/2014,103.75,104.03,103.67,103.94,28570,103.94
8/20/2014,104.06,104.06,103.56,103.69,31290,103.69
8/19/2014,104.2,104.35,104.11,104.19,17770,104.19
8/18/2014,104.44,104.5,104.29,104.43,62170,104.43
8/15/2014,104.54,104.99,104.11,104.92,27630,104.92
8/14/2014,104.37,104.63,104.01,104.32,37420,104.32
8/13/2014,104.2,104.24,103.98,104.18,11480,104.18
8/12/2014,104.12,104.18,103.84,104.11,35180,104.11
8/11/2014,104.2,104.4,104.04,104.1,13420,104.1
8/8/2014,104.2,104.49,104.12,104.15,43020,104.15
8/7/2014,103.87,104.1,103.64,103.85,64290,103.85
8/6/2014,103.81,103.96,103.56,103.91,20810,103.91
8/5/2014,103.76,103.94,103.36,103.83,21130,103.83
8/4/2014,104.03,104.13,103.79,103.89,52410,103.89
8/1/2014,103.9,104.07,103.34,103.88,373670,103.88
7/31/2014,103.62,103.91,103.52,103.71,98730,103.71
7/30/2014,104.11,104.11,103.68,103.81,29930,103.81
7/29/2014,104.56,104.66,104.44,104.56,27580,104.56
7/28/2014,104.63,104.76,104.47,104.61,32640,104.61
7/25/2014,104.56,104.64,104.53,104.57,15300,104.57
7/24/2014,104.62,104.74,104.42,104.55,27360,104.55
7/23/2014,104.82,104.82,104.51,104.75,23270,104.75
7/22/2014,104.73,104.8,104.51,104.68,61320,104.68
7/21/2014,105,105.02,104.8,104.95,44240,104.95
7/18/2014,104.77,104.97,104.68,104.89,18340,104.89
7/17/2014,104.6,105.02,104.6,104.88,21800,104.88
7/16/2014,104.53,104.73,104.48,104.65,50610,104.65
7/15/2014,104.87,105.03,104.57,104.71,15270,104.71
7/14/2014,104.9,105.1,104.81,104.96,20710,104.96
7/11/2014,104.93,105.15,104.79,105,28020,105
7/10/2014,105.03,105.23,104.61,104.61,45770,104.61
7/9/2014,104.84,105.23,104.83,104.96,20720,104.96
7/8/2014,104.73,105.06,104.68,104.84,17880,104.84
7/7/2014,104.62,104.86,104.51,104.65,23310,104.65
7/3/2014,104.41,104.62,104.18,104.37,24030,104.37
7/2/2014,104.91,105.04,104.73,104.75,69110,104.75
7/1/2014,105.37,105.43,104.94,105.25,453610,105.25
6/30/2014,105.03,105.41,104.97,105.26,47160,105.26
6/27/2014,104.7,105.11,104.69,104.82,53520,104.82
6/26/2014,104.54,104.93,104.54,104.55,22630,104.55
6/25/2014,104.47,104.88,104.47,104.56,24580,104.56
6/24/2014,104.36,104.51,103.98,104.34,45300,104.34
6/23/2014,104.25,104.46,103.98,104.27,20730,104.27
6/20/2014,104.15,104.23,103.91,104.21,41120,104.21
6/19/2014,104.4,104.53,104.06,104.16,20890,104.16
6/18/2014,103.62,104.12,103.62,104.12,14210,104.12
6/17/2014,103.94,103.94,103.59,103.6,16650,103.6
6/16/2014,103.7,104.14,103.7,103.85,20240,103.85
6/13/2014,103.55,103.83,103.45,103.62,24760,103.62
6/12/2014,103.65,103.93,103.64,103.75,19130,103.75
6/11/2014,103.58,103.71,103.39,103.42,18230,103.42
6/10/2014,103.54,103.72,103.45,103.45,21910,103.45
6/9/2014,104.01,104.01,103.75,103.75,21490,103.75
6/6/2014,103.93,104.11,103.75,103.94,104240,103.94
6/5/2014,103.11,103.75,102.96,103.43,225620,103.43
6/4/2014,103.3,103.59,103.04,103.04,74130,103.04
6/3/2014,103.61,103.61,103.33,103.44,30530,103.44
6/2/2014,103.76,103.81,103.32,103.59,153200,103.59
5/30/2014,104.12,104.21,104,104.12,24890,104.12
5/29/2014,103.99,104.25,103.82,104.05,19380,104.05
5/28/2014,103.89,104.08,103.5,103.5,25050,103.5
5/27/2014,103.81,104.16,103.6,103.74,17500,103.74
5/23/2014,103.6,103.77,103.25,103.25,38490,103.25
5/22/2014,103.79,103.79,103.36,103.36,31640,103.36
5/21/2014,103.84,103.97,103.64,103.75,40800,103.75
5/20/2014,103.94,104.11,103.88,103.88,27070,103.88
5/19/2014,104.45,104.47,104.13,104.13,26290,104.13
5/16/2014,104.3,104.44,104.18,104.31,69560,104.31
5/15/2014,104.27,104.66,104.17,104.2,122160,104.2
5/14/2014,104.23,104.51,104.08,104.36,29450,104.36
5/13/2014,104.19,104.26,103.87,103.95,35270,103.95
5/12/2014,104.28,104.37,103.94,103.99,32960,103.99
5/9/2014,104.45,104.45,104.1,104.1,11420,104.1
5/8/2014,105.1,105.1,104.62,104.69,22040,104.69
5/7/2014,105.04,105.11,104.85,104.86,20880,104.86
5/6/2014,104.8,105.06,104.71,104.96,36600,104.96
5/5/2014,104.4,104.55,104.23,104.28,18040,104.28
5/2/2014,103.82,104.43,103.69,104.19,15300,104.19
5/1/2014,104.27,104.51,104.04,104.06,#VALUE!,104.06
4/30/2014,104.19,104.75,104.12,104.27,20740,104.27
4/29/2014,104,104.06,103.81,103.82,39570,103.82
4/28/2014,104.14,104.28,103.93,103.93,12940,103.93
4/25/2014,104.12,104.44,104.06,104.06,17520,104.06
4/24/2014,103.95,104.18,103.89,104.1,43420,104.1
4/23/2014,104.07,104.24,103.82,103.86,35090,103.86
4/22/2014,103.6,104.07,103.6,104.04,42110,104.04
4/21/2014,104.8,104.8,103.72,103.77,19000,103.77
4/17/2014,104.39,104.39,103.69,103.69,68630,103.69
4/16/2014,104.25,104.35,104.03,104.05,63260,104.05
4/15/2014,104.16,104.41,103.89,104.13,33180,104.13
4/14/2014,104.2,104.27,103.89,103.97,31860,103.97
4/11/2014,104.38,104.74,104.29,104.29,86340,104.29
4/10/2014,104.18,104.76,104.18,104.46,43290,104.46
4/9/2014,103.58,104.21,103.58,103.95,242290,103.95
4/8/2014,103.86,103.86,103.47,103.47,83310,103.47
4/7/2014,102.92,103.4,102.92,103.1,26960,103.1
4/4/2014,102.81,103.09,102.63,103.05,11360,103.05
4/3/2014,102.62,102.64,102.24,102.24,40160,102.24
4/2/2014,103,103.08,102.52,102.52,30990,102.52
4/1/2014,103.32,103.32,102.9,103.23,461970,103.23
3/31/2014,103.23,103.78,102.76,102.95,22190,102.95
3/28/2014,103.57,103.57,102.93,102.93,28330,102.93
3/27/2014,103.52,103.58,103.16,103.3,19860,103.3
3/26/2014,103.32,103.58,103.15,103.2,17040,103.2
3/25/2014,103.25,103.49,102.94,103.21,48360,103.21
3/24/2014,102.92,103.5,102.64,103.01,20040,103.01
3/21/2014,102.91,103.07,102.53,102.53,41270,102.53
3/20/2014,102.76,102.88,102.39,102.39,20910,102.39
3/19/2014,104,104.05,102.82,102.92,26010,102.92
3/18/2014,104.02,104.2,103.86,104.15,17300,104.15
3/17/2014,103.82,104.1,103.74,103.74,51790,103.74
3/14/2014,103.89,104,103.62,103.62,30330,103.62
3/13/2014,103.65,103.84,103.28,103.28,82870,103.28
3/12/2014,103.16,103.46,103.12,103.12,27370,103.12
3/11/2014,103.05,103.2,102.85,102.85,66810,102.85
3/10/2014,103.14,103.28,103.1,103.25,15410,103.25
3/7/2014,103.03,103.2,102.93,103.14,23650,103.14
3/6/2014,102.72,103.21,102.67,103.19,48560,103.19
3/5/2014,102.66,102.97,102.66,102.85,30510,102.85
3/4/2014,103.03,103.18,102.52,102.52,15790,102.52
3/3/2014,103.07,103.2,102.21,103.06,464430,103.06
2/28/2014,102.57,102.95,102.57,102.84,26450,102.84
2/27/2014,102.16,102.56,102.16,102.52,16680,102.52
2/26/2014,102.31,102.31,101.67,102.05,49300,102.05
2/25/2014,102.1,102.45,102.02,102.32,23810,102.32
2/24/2014,101.76,102.07,101.7,101.7,25250,101.7
2/21/2014,101.9,102.05,101.65,102.02,41030,102.02
2/20/2014,102.07,102.07,101.56,101.89,34350,101.89
2/19/2014,102.56,102.56,101.85,101.85,113260,101.85
2/18/2014,101.99,102.32,101.99,102.3,15140,102.3
2/14/2014,101.78,102.05,101.72,101.81,38100,101.81
2/13/2014,101.51,101.65,101.24,101.56,22870,101.56
2/12/2014,101.05,101.33,100.83,101.33,59330,101.33
2/11/2014,101.52,101.52,101.1,101.24,24150,101.24
2/10/2014,101.13,101.36,101,101.36,83210,101.36
2/7/2014,101.2,101.36,100.93,101.36,38060,101.36
2/6/2014,101.2,101.29,100.87,100.87,77260,100.87
2/5/2014,100.87,101.2,100.7,101,60320,101
2/4/2014,100.97,101.09,100.65,100.7,30870,100.7
2/3/2014,100.33,101.13,100.33,100.78,351140,100.78
1/31/2014,100.42,100.87,100.42,100.74,10600,100.74
1/30/2014,100.76,100.81,100.26,100.49,154520,100.49
1/29/2014,100.92,101.24,100.77,101,52900,101
1/28/2014,101.01,101.05,100.63,100.77,385160,100.77
1/27/2014,100.91,101.05,100.75,100.9,15900,100.9
1/24/2014,101,101.05,100.64,101.05,33860,101.05
1/23/2014,100.4,100.86,100.4,100.84,46470,100.84
1/22/2014,100.05,100.08,99.6,99.83,508230,99.83
1/21/2014,100,100.12,99.76,99.86,570810,99.86
1/17/2014,100,100.43,99.93,100.19,22940,100.19
1/16/2014,100.24,100.45,99.97,100.32,80170,100.32
1/15/2014,100.21,100.4,99.96,100,13970,100
1/14/2014,100.79,100.89,100.42,100.46,33060,100.46
1/13/2014,100.59,101.01,100.54,100.9,260440,100.9
1/10/2014,100.21,100.83,100.12,100.38,38030,100.38
1/9/2014,99.69,99.9,99.48,99.71,27180,99.71
1/8/2014,99.61,100.04,99.3,99.58,45300,99.58
1/7/2014,100,100.2,99.75,99.76,67420,99.76
1/6/2014,99.7,100.2,99.5,99.87,65140,99.87
1/3/2014,99.7,100.36,99.42,99.57,65680,99.57
1/2/2014,100.28,100.28,99.6,100.05,216360,100.05
12/31/2013,100.71,100.71,100,100.19,26600,100.19
12/30/2013,100.04,100.37,99.79,100.23,30250,100.23
12/27/2013,100.05,100.21,99.52,99.7,21280,99.7
12/26/2013,99.8,100.11,99.71,99.9,15950,99.9
12/24/2013,99.97,100.19,99.76,99.77,18710,99.77
12/23/2013,100.24,100.47,99.81,100.02,37730,100.02
12/20/2013,99.91,100.25,99.69,100.16,119870,100.16
12/19/2013,100.37,101.32,99.83,100.01,252500,100.01
12/18/2013,101.15,101.69,100.24,100.38,44810,100.38
12/17/2013,100.84,101.07,100.58,100.99,65880,100.99
12/16/2013,100.93,100.93,100.64,100.69,43170,100.69
12/13/2013,100.65,100.68,100.44,100.64,18220,100.64
12/12/2013,100.87,101.01,100.29,100.72,60590,100.72
12/11/2013,101.28,101.41,101.04,101.26,25560,101.26
12/10/2013,100.5,101.57,100.5,101.04,#VALUE!,101.04
12/9/2013,99.81,100.73,99.81,100.7,37000,100.7
12/6/2013,100.14,100.43,99.98,100.41,35230,100.41
12/5/2013,100.8,100.8,100,100.51,12730,100.51
12/4/2013,100.9,100.9,99.67,100.14,60240,100.14
12/3/2013,99.94,100.43,99.86,100.33,79400,100.33
12/2/2013,100.88,100.88,99.52,99.66,628780,99.66
11/29/2013,101.31,101.56,100.57,100.65,37940,100.65
11/27/2013,100.45,101.56,100.21,100.53,28750,100.53
11/26/2013,100.3,100.73,100.22,100.67,30660,100.67
11/25/2013,100.18,100.22,99.9,100.07,43330,100.07
11/22/2013,99.92,101.04,99.8,100.51,115190,100.51
11/21/2013,99.91,100.04,99.8,99.97,15060,99.97
11/20/2013,100.53,100.72,100.11,100.26,11490,100.26
11/19/2013,100.5,100.85,100.5,100.78,15340,100.78
11/18/2013,100.85,101.09,100.55,100.59,14210,100.59
11/15/2013,100.5,100.66,100.26,100.52,37610,100.52
11/14/2013,100.3,100.59,100.02,100.45,15640,100.45
11/13/2013,100.15,100.49,99.8,100.4,38210,100.4
11/12/2013,100.3,100.3,99.69,100.13,33400,100.13
11/11/2013,99.11,100.39,99.11,100,20030,100
11/8/2013,100.39,100.39,99.59,99.77,32000,99.77
11/7/2013,100.43,101.05,100.14,100.71,38780,100.71
11/6/2013,100.87,101.17,100.58,100.58,136750,100.58
11/5/2013,100.87,100.94,100.62,100.8,30410,100.8
11/4/2013,101.15,101.34,101.15,101.22,29800,101.22
11/1/2013,102.7,102.7,100.94,101.22,689390,101.22
10/31/2013,102.46,102.46,101.97,102.01,108020,102.01
10/30/2013,102.6,103.04,102.35,102.5,30690,102.5
10/29/2013,102.53,102.99,102.32,102.45,13920,102.45
10/28/2013,102.83,103.01,102.71,102.75,32910,102.75
10/25/2013,102.84,103.04,102.81,103.04,32540,103.04
10/24/2013,103.15,103.15,102.79,102.92,24420,102.92
10/23/2013,102.81,103.12,102.8,102.98,27190,102.98
10/22/2013,102.17,102.76,102.14,102.71,36590,102.71
10/21/2013,101.87,101.9,101.71,101.9,33150,101.9
10/18/2013,101.67,102.14,101.67,102.04,96100,102.04
10/17/2013,101.35,101.82,101.35,101.82,21520,101.82
10/16/2013,100.35,100.69,100.03,100.4,32720,100.4
10/15/2013,100.54,100.59,100.18,100.59,11880,100.59
10/14/2013,100.2,101.15,100.03,100.89,18820,100.89
10/11/2013,100.86,100.95,100.61,100.86,12120,100.86
10/10/2013,100.46,100.74,100.43,100.68,20630,100.68
10/9/2013,100.86,101,100.78,100.87,12190,100.87
10/8/2013,101.13,101.48,101.13,101.35,9650,101.35
10/7/2013,101.42,101.5,101.23,101.43,32600,101.43
10/4/2013,101.42,101.46,100.8,101.09,32590,101.09
10/3/2013,101.27,101.65,101.19,101.46,12830,101.46
10/2/2013,101.33,101.47,101.17,101.26,84300,101.26
10/1/2013,101.11,101.11,100.74,100.99,109700,100.99
9/30/2013,100.97,100.97,100.56,100.76,22730,100.76
9/27/2013,100.73,100.93,100.59,100.69,13960,100.69
9/26/2013,100.35,100.35,100.03,100.19,63030,100.19
9/25/2013,100.3,100.67,100.3,100.67,23170,100.67
9/24/2013,100.19,100.32,99.73,100.21,66540,100.21
9/23/2013,99.6,100.14,99.56,100.11,40240,100.11
9/20/2013,99.77,100.08,99.5,99.97,16410,99.97
9/19/2013,100,100.28,99.55,100.09,44740,100.09
9/18/2013,98.75,99.89,98.33,99.68,23200,99.68
9/17/2013,98.41,98.7,98.4,98.62,17770,98.62
9/16/2013,98.9,98.9,98.3,98.35,28120,98.35
9/13/2013,97.86,98.27,97.69,98.04,24770,98.04
9/12/2013,97.86,98.12,97.78,97.95,14380,97.95
9/11/2013,97.48,97.86,97.4,97.77,118050,97.77
9/10/2013,97.54,97.64,97.33,97.39,264110,97.39
9/9/2013,97.95,98.08,97.55,98.08,23800,98.08
9/6/2013,97.15,97.58,97.15,97.57,43570,97.57
9/5/2013,97.29,97.29,96.45,96.59,12800,96.59
9/4/2013,97.67,97.94,97.49,97.69,10990,97.69
9/3/2013,97.73,97.74,97.07,97.53,61480,97.53
8/30/2013,98.18,98.24,97.89,98.04,9330,98.04
8/29/2013,98.38,98.51,98.1,98.48,10120,98.48
8/28/2013,99.16,99.16,98.62,99.03,27310,99.03
8/27/2013,98.92,99.45,98.92,99.38,86250,99.38
8/26/2013,98.83,98.99,98.7,98.8,30000,98.8
8/23/2013,98.45,99.27,98.26,98.95,41240,98.95
8/22/2013,98.67,98.92,98.52,98.71,25140,98.71
8/21/2013,99.39,99.39,99.03,99.14,192030,99.14
8/20/2013,99.95,99.99,99.54,99.88,65690,99.88
8/19/2013,98.94,99.72,98.68,99.25,93240,99.25
8/16/2013,99.78,99.78,98.77,99.43,170130,99.43
8/15/2013,98.48,99.75,98.3,99.56,272100,99.56
8/14/2013,98.48,98.93,98.39,98.49,17420,98.49
8/13/2013,99.03,99.07,98.65,98.71,16180,98.71
8/12/2013,100.51,100.51,99.5,99.85,12120,99.85
8/9/2013,99.9,100.5,99.76,100.24,34080,100.24
8/8/2013,99.66,100.12,99.66,100.07,59660,100.07
8/7/2013,99.3,99.65,99.21,99.64,9790,99.64
8/6/2013,99.08,99.36,98.69,99.05,16750,99.05
8/5/2013,98.16,98.85,98.16,98.68,11110,98.68
8/2/2013,98.75,98.75,98.39,98.49,5560,98.49
8/1/2013,99.27,99.27,97.81,98.66,212620,98.66
7/31/2013,98.77,99.24,98.5,98.85,7420,98.85
7/30/2013,99.33,99.4,98.68,99.13,21900,99.13
7/29/2013,99.24,99.32,98.8,98.86,11350,98.86
7/26/2013,99.39,99.44,98.78,99.13,13680,99.13
7/25/2013,98.51,99.06,98.07,99.05,7570,99.05
7/24/2013,98.73,99.09,97.91,98.46,5980,98.46
7/23/2013,98.56,98.91,98.24,98.87,11770,98.87
7/22/2013,98.5,98.99,98.43,98.43,33250,98.43
7/19/2013,98.17,98.34,97.84,97.97,11790,97.97
7/18/2013,97.67,98.05,97.5,97.79,12830,97.79
7/17/2013,98.12,98.29,97.57,98.14,9460,98.14
7/16/2013,97.57,98.3,97.57,98.12,33320,98.12
7/15/2013,97.25,97.73,96.97,97.46,56640,97.46
7/12/2013,97.43,97.58,97.04,97.19,13730,97.19
7/11/2013,97.04,97.7,96.98,97.64,20160,97.64
7/10/2013,96,96.45,95.61,95.9,373060,95.9
7/9/2013,95.71,95.9,95.51,95.55,40400,95.55
7/8/2013,96,96.29,95.38,96.1,45190,96.1
7/5/2013,96.04,96.07,95.58,95.74,17080,95.74
7/3/2013,97.73,97.73,96.47,97.03,22610,97.03
7/2/2013,97.09,97.25,96.73,96.92,17590,96.92
7/1/2013,96.7,97.59,96.47,97.39,199820,97.39
6/28/2013,97.4,97.49,96.28,96.47,11440,96.47
6/27/2013,96.89,97.64,96.61,96.99,21180,96.99
6/26/2013,97,97.46,96.56,96.76,19320,96.76
6/25/2013,96.87,97.53,96.3,96.7,35250,96.7
6/24/2013,96.65,97.18,96.35,96.81,28310,96.81
6/21/2013,98.37,98.37,97.1,97.95,28710,97.95
6/20/2013,98.91,98.91,97.8,98.18,82720,98.18
6/19/2013,101.25,101.39,99.6,99.63,12630,99.63
6/18/2013,100.91,101.27,100.87,101.22,22610,101.22
6/17/2013,101.36,101.42,100.85,101.29,61470,101.29
6/14/2013,100.48,101.46,100.48,101.38,11420,101.38
6/13/2013,100.67,100.97,100.53,100.68,158110,100.68
6/12/2013,100.2,100.5,99.93,100.1,9070,100.1
6/11/2013,99.47,99.97,99.19,99.97,36900,99.97
6/10/2013,99.47,99.61,99.07,99.3,58770,99.3
6/7/2013,100,100.04,99.46,99.89,10310,99.89
6/6/2013,99.1,100.46,98.76,99.99,51390,99.99
6/5/2013,98.51,98.93,98.51,98.68,59870,98.68
6/4/2013,98.15,98.58,98.08,98.3,51220,98.3
6/3/2013,99.2,99.2,97.01,98.66,224210,98.66
5/31/2013,99.36,99.36,98.09,98.72,23690,98.72
5/30/2013,98.64,98.97,98.36,98.89,22590,98.89
5/29/2013,97.92,98.32,97.92,98.16,13520,98.16
5/28/2013,98.42,98.42,97.61,97.7,21630,97.7
5/24/2013,98.59,98.71,98.31,98.42,10320,98.42
5/23/2013,98.36,98.77,97.76,98.26,18300,98.26
5/22/2013,98.87,99.45,97.45,97.9,28420,97.9
5/21/2013,98.31,98.55,97.91,98.42,22350,98.42
5/20/2013,98.37,98.7,98.09,98.55,12440,98.55
5/17/2013,98.87,98.88,97.98,98.1,16080,98.1
5/16/2013,98.09,98.99,98.03,98.53,20430,98.53
5/15/2013,98.45,98.52,97.99,98.16,18300,98.16
5/14/2013,98.45,99.19,98.45,98.6,11450,98.6
5/13/2013,98.88,99.31,98.88,99.03,20760,99.03
5/10/2013,100.61,100.61,98.9,99.24,30360,99.24
5/9/2013,101.3,101.3,100.2,100.45,31470,100.45
5/8/2013,101.49,101.71,101.01,101.28,66640,101.28
5/7/2013,101.78,101.78,100.95,100.98,86920,100.98
5/6/2013,101.43,101.43,101.08,101.27,54750,101.27
5/3/2013,101.55,101.75,101.41,101.56,49680,101.56
5/2/2013,101.8,101.84,101.55,101.79,42900,101.79
5/1/2013,102.24,102.5,101.8,102.27,68770,102.27
4/30/2013,101.62,102.3,101.62,101.96,38590,101.96
4/29/2013,101.3,101.65,101.3,101.49,41080,101.49
4/26/2013,100.69,101.13,100.69,100.86,12360,100.86
4/25/2013,100.49,100.7,100.23,100.35,9450,100.35
4/24/2013,100.09,100.51,100.09,100.35,35170,100.35
4/23/2013,100.55,100.69,100.25,100.26,18650,100.26
4/22/2013,100.4,100.67,100.35,100.55,9270,100.55
4/19/2013,100.9,100.9,100.29,100.38,22290,100.38
4/18/2013,101.11,101.18,100.33,100.58,7680,100.58
4/17/2013,100.9,100.95,100.33,100.35,16400,100.35
4/16/2013,100.99,101.36,100.73,101.28,15100,101.28
4/15/2013,100.73,100.77,100.49,100.7,17440,100.7
4/12/2013,100.52,100.73,100.38,100.73,31230,100.73
4/11/2013,100.21,100.71,100.21,100.52,31090,100.52
4/10/2013,100.34,100.51,100.09,100.09,76990,100.09
4/9/2013,100.42,100.78,100.38,100.4,21030,100.4
4/8/2013,101.3,101.35,100.35,100.5,16140,100.5
4/5/2013,100.1,101.1,100.06,100.88,27210,100.88
4/4/2013,100.5,100.54,99.85,100.32,67440,100.32
4/3/2013,100.06,100.52,100.06,100.32,18100,100.32
4/2/2013,100,100.17,99.85,100.06,26540,100.06
4/1/2013,100.23,100.3,99.61,100.1,229270,100.1
3/28/2013,99.54,99.84,99.36,99.69,74300,99.69
3/27/2013,99.51,99.7,99.16,99.33,15370,99.33
3/26/2013,99.5,99.99,99.44,99.65,82050,99.65
3/25/2013,100.14,100.22,99.7,99.7,43250,99.7
3/22/2013,100.06,100.42,99.76,100.36,22480,100.36
3/21/2013,99.76,100,99.65,99.72,52090,99.72
3/20/2013,99.72,99.8,99.34,99.5,69210,99.5
3/19/2013,99.66,99.75,99.09,99.4,62240,99.4
3/18/2013,99.54,99.84,99.36,99.63,39930,99.63
3/15/2013,99.1,99.91,99.1,99.91,98690,99.91
3/14/2013,99,99.56,98.74,99.2,171290,99.2
3/13/2013,99.16,99.45,98.9,99.2,32410,99.2
3/12/2013,99.52,99.69,99.38,99.46,49760,99.46
3/11/2013,99.4,99.73,99.14,99.42,243360,99.42
3/8/2013,99.53,99.67,99.09,99.53,46300,99.53
3/7/2013,99.9,100.44,99.9,100.37,5720,100.37
3/6/2013,100.34,100.34,99.6,99.89,21560,99.89
3/5/2013,100.4,100.4,100.07,100.35,15210,100.35
3/4/2013,100.2,100.42,99.81,100.18,16510,100.18
3/1/2013,99.95,100.38,99.59,100.38,40980,100.38
2/28/2013,100.97,100.97,100.25,100.25,35570,100.25
2/27/2013,100.54,100.91,100.46,100.77,20910,100.77
2/26/2013,100.2,100.67,100.19,100.44,27920,100.44
2/25/2013,100.7,100.7,100.05,100.42,30850,100.42
2/22/2013,100.36,100.72,100.36,100.42,16570,100.42
2/21/2013,100.49,100.94,100.47,100.67,102760,100.67
2/20/2013,101.54,101.54,100.68,100.8,28290,100.8
2/19/2013,101.6,101.79,101.51,101.65,17640,101.65
2/15/2013,101.7,101.7,101.41,101.56,11700,101.56
2/14/2013,101.65,101.75,101.35,101.55,19880,101.55
2/13/2013,101.42,101.92,101.42,101.66,71070,101.66
2/12/2013,101.62,101.88,101.38,101.78,64530,101.78
2/11/2013,101.54,101.69,101.14,101.41,28950,101.41
2/8/2013,101.94,101.94,101.35,101.65,42550,101.65
2/7/2013,101.48,101.82,101.04,101.51,46950,101.51
2/6/2013,102.2,102.28,101.9,101.99,109180,101.99
2/5/2013,102.3,102.6,102.13,102.44,42100,102.44
2/4/2013,102.4,102.98,101.85,102.44,135790,102.44
2/1/2013,103.23,103.23,102.57,102.94,588030,102.94
1/31/2013,103,103.16,102.79,103.09,135500,103.09
1/30/2013,102.8,103,102.4,102.87,23690,102.87
1/29/2013,102.4,102.74,102.4,102.74,39220,102.74
1/28/2013,102.48,102.5,102.09,102.09,49660,102.09
1/25/2013,102.9,102.95,102.47,102.61,16040,102.61
1/24/2013,102.68,102.79,102.45,102.48,18560,102.48
1/23/2013,102.85,103.1,102.51,102.79,36790,102.79
1/22/2013,102.55,103,102.46,102.88,13120,102.88
1/18/2013,102.67,102.77,102.41,102.55,18450,102.55
1/17/2013,102.87,102.87,102.5,102.75,27990,102.75
1/16/2013,102.6,102.99,102.55,102.99,22820,102.99
1/15/2013,102.7,103.2,102.5,102.55,16200,102.55
1/14/2013,103.08,103.18,102.64,103.18,8720,103.18
1/11/2013,103.32,103.32,102.74,102.85,22450,102.85
1/10/2013,102.42,102.85,102.1,102.68,33280,102.68
1/9/2013,101.98,101.98,101.69,101.72,16180,101.72
1/8/2013,102.22,102.26,101.86,102.12,304050,102.12
1/7/2013,101.93,102.09,101.69,102.09,32240,102.09
1/4/2013,101.8,101.82,101.46,101.6,19510,101.6
1/3/2013,102.61,102.64,101.95,101.95,31120,101.95
1/2/2013,103.31,103.32,102.71,103.13,580440,103.13
12/31/2012,103.31,103.39,102.92,102.93,47080,102.93
12/28/2012,102.96,103.48,102.84,103.46,26100,103.46
12/27/2012,102.56,103.45,102.56,103.36,14530,103.36
12/26/2012,103.29,103.29,102.77,102.9,10020,102.9
12/24/2012,104.73,104.73,103.73,103.75,10850,103.75
12/21/2012,103.25,104.14,103.25,103.79,13440,103.79
12/20/2012,104.52,104.52,103.88,104.24,24140,104.24
12/19/2012,104.41,104.41,103.92,104.12,21790,104.12
12/18/2012,103.98,104,103.73,103.97,13740,103.97
12/17/2012,103.9,103.99,103.7,103.86,48410,103.86
12/14/2012,103.65,104.01,103.56,103.92,15350,103.92
12/13/2012,103.41,103.55,103.31,103.47,11490,103.47
12/12/2012,103.45,103.78,103.3,103.62,16210,103.62
12/11/2012,103.22,103.35,103.21,103.33,10410,103.33
12/10/2012,103.13,103.14,102.85,102.85,14520,102.85
12/7/2012,102.99,103.26,102.96,103.18,9600,103.18
12/6/2012,103.24,103.62,103.21,103.38,231340,103.38
12/5/2012,103.76,103.88,103.66,103.81,14100,103.81
12/4/2012,103.59,103.97,103.55,103.78,17390,103.78
12/3/2012,103.05,103.63,103.05,103.58,76630,103.58
11/30/2012,103.12,103.15,102.81,103,16720,103
11/29/2012,102.83,103.48,102.83,103.05,16570,103.05
11/28/2012,102.41,103.05,102.41,102.9,18700,102.9
11/27/2012,102.55,102.56,102.21,102.22,12280,102.22
11/26/2012,102.62,102.75,102.34,102.64,17760,102.64
11/23/2012,102.11,102.55,102.11,102.53,7430,102.53
11/21/2012,101.67,101.67,101.13,101.24,76110,101.24
11/20/2012,101.38,101.75,101.3,101.75,14930,101.75
11/19/2012,101.5,101.95,101.5,101.51,26400,101.51
11/16/2012,101.62,101.62,101.08,101.3,7830,101.3
11/15/2012,101.84,101.84,101.24,101.66,56120,101.66
11/14/2012,102.25,102.25,101.37,101.65,30930,101.65
11/13/2012,101.7,101.8,101.5,101.59,27220,101.59
11/12/2012,100.97,101.88,100.97,101.59,8560,101.59
11/9/2012,102.39,102.39,101.66,101.73,13830,101.73
11/8/2012,102.79,102.79,101.66,102.13,24030,102.13
11/7/2012,101.97,101.97,101.75,101.96,10560,101.96
11/6/2012,101.88,101.93,101.38,101.55,5070,101.55
11/5/2012,101.73,101.73,101.36,101.42,12570,101.42
11/2/2012,101.95,102.78,101.42,101.42,22400,101.42
11/1/2012,103.08,103.12,101,102.3,141570,102.3
10/31/2012,104.5,104.71,102.55,104,52390,104
10/26/2012,102.73,102.88,102.64,102.71,8700,102.71
10/25/2012,102.74,102.74,102.49,102.5,8670,102.5
10/24/2012,102.84,102.99,102.51,102.84,16210,102.84
10/23/2012,102.56,102.95,102.51,102.95,14350,102.95
10/22/2012,103.06,103.53,102.84,103.1,24310,103.1
10/19/2012,103.62,103.64,103.12,103.51,9640,103.51
10/18/2012,103.82,103.89,103.34,103.72,13350,103.72
10/17/2012,103.7,103.95,103.57,103.71,7270,103.71
10/16/2012,103.67,103.67,103.06,103.19,38640,103.19
10/15/2012,103.15,103.48,102.95,102.95,106120,102.95
10/12/2012,103.31,103.7,103.16,103.16,6380,103.16
10/11/2012,102.81,103,102.77,102.83,47400,102.83
10/10/2012,102.61,103.15,102.6,102.75,14400,102.75
10/9/2012,103.01,103.2,102.49,102.85,3700,102.85
10/8/2012,102.99,103.54,102.99,103.03,13140,103.03
10/5/2012,103.73,103.73,103.35,103.5,4810,103.5
10/4/2012,103.21,103.63,103.14,103.35,12670,103.35
10/3/2012,102.85,102.94,102.71,102.9,12870,102.9
10/2/2012,103.15,103.31,103.01,103.11,47940,103.11
10/1/2012,102.78,103.3,102.24,102.68,152920,102.68
9/28/2012,102.99,103.1,102.44,102.78,75720,102.78
9/27/2012,102.63,103.01,102.63,102.78,4920,102.78
9/26/2012,102.45,102.87,102.4,102.4,12800,102.4
9/25/2012,103.21,103.21,102.44,102.75,8570,102.75
9/24/2012,102.56,103.19,102.56,103.15,8780,103.15
9/21/2012,103.39,103.57,102.87,103.2,155170,103.2
9/20/2012,103.4,103.54,103.08,103.42,7350,103.42
9/19/2012,103.61,103.91,103.34,103.49,9910,103.49
9/18/2012,104.04,104.04,100.92,103.38,8450,103.38
9/17/2012,103.79,103.94,103.31,103.44,6430,103.44
9/14/2012,104.14,104.22,103.51,103.74,20460,103.74
9/13/2012,102.68,105.8,102.68,103.7,66490,103.7
9/12/2012,103.32,103.32,102.94,103.09,14260,103.09
9/11/2012,102.22,103.1,102.22,102.99,16060,102.99
9/10/2012,102.2,102.4,101.94,102.22,9980,102.22
9/7/2012,101.91,102.62,101.91,102.6,15930,102.6
9/6/2012,100.81,101.24,100.68,101.2,11070,101.2
9/5/2012,101,101.14,101,101.09,4920,101.09
9/4/2012,100.63,101.19,100.63,101,90540,101
8/31/2012,101.2,101.26,100.57,101.24,13670,101.24
8/30/2012,100.9,100.9,100.28,100.71,6700,100.71
8/29/2012,100.85,100.85,100.25,100.7,6760,100.7
8/28/2012,100.72,100.95,100.59,100.7,10160,100.7
8/27/2012,100.01,100.76,100.01,100.28,8060,100.28
8/24/2012,100.7,100.91,100.39,100.5,7830,100.5
8/23/2012,100.55,100.96,100.43,100.58,15290,100.58
8/22/2012,99.99,100.41,99.62,100.35,15020,100.35
8/21/2012,98.51,99.82,98.51,99.54,5880,99.54
8/20/2012,98.56,99.12,98.56,98.89,4530,98.89
8/17/2012,99.05,99.11,98.64,98.76,5650,98.76
8/16/2012,99.12,99.12,98.87,99.12,2600,99.12
8/15/2012,98.96,98.96,98.59,98.8,6860,98.8
8/14/2012,99.26,99.34,98.8,99.34,3690,99.34
8/13/2012,99.22,99.69,99.17,99.24,10990,99.24
8/10/2012,99.29,99.67,99.15,99.48,6780,99.48
8/9/2012,99.74,99.74,98.69,99.3,12670,99.3
8/8/2012,99.74,99.99,99.3,99.5,41640,99.5
8/7/2012,98.57,99.78,98.57,99.15,13170,99.15
8/6/2012,99.36,100,98.56,99.45,10700,99.45
8/3/2012,98.85,99.41,98.67,99.41,8090,99.41
8/2/2012,98.67,99.11,97.92,98.26,51960,98.26
8/1/2012,99.78,99.78,97.63,98.32,38220,98.32
7/31/2012,99.24,99.24,98.52,99.15,7490,99.15
7/30/2012,99,99,98.24,98.72,10900,98.72
7/27/2012,99.31,99.31,98.21,98.67,32800,98.67
7/26/2012,97.78,99,97.78,98.63,19000,98.63
7/25/2012,96.86,97.73,96.86,97.67,11090,97.67
7/24/2012,97.66,97.66,96.9,97.29,23330,97.29
7/23/2012,98.63,98.63,97.48,97.74,10130,97.74
7/20/2012,98.37,98.54,98.02,98.43,11820,98.43
7/19/2012,98.87,99.05,98.48,98.94,13240,98.94
7/18/2012,98.67,98.84,98.44,98.73,13540,98.73
7/17/2012,98.1,98.75,97.94,98.73,18080,98.73
7/16/2012,98.38,98.55,97.88,98.51,16180,98.51
7/13/2012,97.82,98.19,97.82,98.09,7110,98.09
7/12/2012,97.8,97.91,97.3,97.8,21170,97.8
7/11/2012,97.5,97.9,97.17,97.9,301870,97.9
7/10/2012,97.19,97.27,96.97,97.1,43060,97.1
7/9/2012,97.18,97.24,96.97,96.99,23680,96.99
7/6/2012,98.6,98.6,96.97,97.08,24100,97.08
7/5/2012,98.31,98.31,97.18,97.5,29620,97.5
7/3/2012,98.22,98.53,98.22,98.34,16790,98.34
7/2/2012,98.2,99,97.86,98.26,156420,98.26
6/29/2012,97.9,98.25,97.9,98.23,31340,98.23
6/28/2012,97.11,97.11,96.4,96.61,61310,96.61
6/27/2012,96.89,96.99,96.54,96.54,25570,96.54
6/26/2012,97.17,97.17,96.7,96.88,105990,96.88
6/25/2012,97.45,97.45,97.06,97.15,42660,97.15
6/22/2012,97.59,97.61,97.06,97.6,8250,97.6
6/21/2012,97.84,97.84,97.09,97.09,59620,97.09
6/20/2012,98.03,98.09,97.65,97.76,69950,97.76
6/19/2012,97.9,98.25,97.65,98.09,77280,98.09
6/18/2012,97.73,97.73,97.12,97.19,111330,97.19
6/15/2012,97.71,98.11,97.32,98.11,211580,98.11
6/14/2012,97.11,97.17,96.72,97.12,64510,97.12
6/13/2012,96.83,96.97,96.58,96.6,84170,96.6
6/12/2012,96.7,96.7,96.39,96.59,70220,96.59
6/11/2012,97.12,97.26,96.71,96.95,10450,96.95
6/8/2012,97.03,97.29,96.7,97.24,8570,97.24
6/7/2012,97.66,97.66,97.14,97.21,13070,97.21
6/6/2012,97.47,97.66,96.92,97.63,8720,97.63
6/5/2012,97.46,97.46,96.72,96.76,10920,96.76
6/4/2012,96.45,97.66,96.45,97.25,66860,97.25
6/1/2012,98.02,98.19,96.64,96.96,232650,96.96
5/31/2012,97.44,97.81,97.23,97.4,42780,97.4
5/30/2012,97.13,97.52,97.12,97.15,25260,97.15
5/29/2012,97.39,97.88,97.21,97.33,19930,97.33
5/25/2012,97.68,97.68,97.26,97.66,22660,97.66
5/24/2012,98.1,98.1,97.33,97.45,17140,97.45
5/23/2012,97.65,98.12,97.53,97.83,62160,97.83
5/22/2012,98.42,98.42,97.69,97.93,81400,97.93
5/21/2012,98,98.67,97.89,98.47,108700,98.47
5/18/2012,98,98.56,98,98.29,117040,98.29
5/17/2012,97.91,98.36,97.91,98.07,46450,98.07
5/16/2012,98.46,98.46,98.01,98.2,9010,98.2
5/15/2012,100.06,100.06,98.15,98.23,10750,98.23
5/14/2012,99.58,99.58,99.11,99.11,9480,99.11
5/11/2012,100.19,100.19,99.57,99.8,4770,99.8
5/10/2012,99.75,100.04,99.59,99.59,21110,99.59
5/9/2012,99.65,99.93,99.55,99.68,8890,99.68
5/8/2012,100.38,100.38,99.9,100.05,11260,100.05
5/7/2012,100.73,100.73,100.11,100.15,21860,100.15
5/4/2012,101.2,101.2,100.18,100.53,9100,100.53
5/3/2012,100.87,100.87,100.31,100.68,7330,100.68
5/2/2012,100.84,100.85,100.33,100.56,20610,100.56
5/1/2012,101.32,101.32,100.67,100.8,79660,100.8
4/30/2012,100.14,101.08,100.14,100.95,33100,100.95
4/27/2012,100.65,100.9,100.61,100.69,8790,100.69
4/26/2012,100.42,100.65,100.26,100.51,20250,100.51
4/25/2012,100.29,100.34,99.63,99.88,16040,99.88
4/24/2012,99.58,100.17,99.58,99.64,10220,99.64
4/23/2012,99.49,99.9,99.49,99.77,14770,99.77
4/20/2012,99.76,99.96,99.58,99.95,11450,99.95
4/19/2012,99.39,99.63,99.32,99.58,9440,99.58
4/18/2012,99.77,99.77,99,99.48,10530,99.48
4/17/2012,99.71,99.75,99.27,99.4,6370,99.4
4/16/2012,99.91,99.91,99.15,99.6,9470,99.6
4/13/2012,99.47,99.61,98.95,99,20200,99
4/12/2012,99.59,100.13,99.59,99.97,9460,99.97
4/11/2012,99.39,99.68,98.94,99.35,33840,99.35
4/10/2012,99.63,99.63,98.85,98.95,8740,98.95
4/9/2012,96.97,99.95,96.97,99.38,12780,99.38
4/5/2012,98.6,98.74,98.51,98.52,12230,98.52
4/4/2012,100.55,100.55,98.55,99.03,13580,99.03
4/3/2012,100.37,100.37,99.29,99.54,13500,99.54
4/2/2012,100.05,100.51,99.46,100.3,162920,100.3
3/30/2012,99.93,100,99.45,99.83,15900,99.83
3/29/2012,99.9,99.9,99.1,99.25,9840,99.25
3/28/2012,99.28,99.9,99.02,99.69,14660,99.69
3/27/2012,99.61,99.81,99.55,99.67,19340,99.67
3/26/2012,99.31,99.75,99.31,99.63,10870,99.63
3/23/2012,98.57,99.3,98.57,98.98,20600,98.98
3/22/2012,98.05,98.6,98.05,98.56,12850,98.56
3/21/2012,98.41,98.55,97.88,98.49,49840,98.49
3/20/2012,98.26,98.57,97.97,98.21,11780,98.21
3/19/2012,98.93,99.04,98.22,98.64,18000,98.64
3/16/2012,98.55,98.88,98.5,98.79,8160,98.79
3/15/2012,98.06,98.69,98.06,98.45,11060,98.45
3/14/2012,98.71,98.81,98.03,98.29,26600,98.29
3/13/2012,98.91,99.55,98.75,99.31,40410,99.31
3/12/2012,99.39,99.39,98.85,99.22,9690,99.22
3/9/2012,99.04,99.07,98.2,99.01,28450,99.01
3/8/2012,99.31,99.5,99,99.5,7880,99.5
3/7/2012,98.82,98.96,98.28,98.51,10790,98.51
3/6/2012,98.35,98.48,98.1,98.39,21030,98.39
3/5/2012,98.12,98.7,98.03,98.45,9550,98.45
3/2/2012,98.37,98.37,97.67,98.2,24010,98.2
3/1/2012,101.05,101.31,97.94,98.94,148880,98.94
2/29/2012,102,102,101.02,101.11,20800,101.11
2/28/2012,101.65,101.89,101.59,101.61,8750,101.61
2/27/2012,101.02,101.23,100.61,100.82,9450,100.82
2/24/2012,102.06,102.5,100.94,100.94,42970,100.94
2/23/2012,101.49,102.41,101.49,102.41,9800,102.41
2/22/2012,101.53,101.69,101.22,101.64,19340,101.64
2/21/2012,101.48,101.96,101.48,101.76,21090,101.76
2/17/2012,101.23,101.52,101.1,101.32,7530,101.32
2/16/2012,100.46,101.65,100.46,101.65,23790,101.65
2/15/2012,100.85,101.5,100.21,101.41,33360,101.41
2/14/2012,100.63,100.89,100.35,100.35,5860,100.35
2/13/2012,100.68,101.35,100.52,101.26,20420,101.26
2/10/2012,99.71,100.28,99.55,100.21,10420,100.21
2/9/2012,100.37,100.42,99.84,100.19,17730,100.19
2/8/2012,101.15,101.15,99.89,100.24,35700,100.24
2/7/2012,100.21,100.57,99.68,100.53,19590,100.53
2/6/2012,99.38,100.17,99.31,99.64,17140,99.64
2/3/2012,99.45,99.87,98.93,99.86,27380,99.86
2/2/2012,99.71,100.11,99.62,99.95,22440,99.95
2/1/2012,99.67,99.67,99.16,99.64,46320,99.64
1/31/2012,99.24,99.4,97.87,98.63,111060,98.63
1/30/2012,98.26,98.82,97.97,98.48,23790,98.48
1/27/2012,98.12,98.28,97.96,98.19,41260,98.19
1/26/2012,97.89,97.94,97.52,97.54,108440,97.54
1/25/2012,96.91,97.53,96.3,97.4,64090,97.4
1/24/2012,96.61,97.26,96.5,97.26,11560,97.26
1/23/2012,97.59,97.59,97,97.46,16990,97.46
1/20/2012,96.88,97.03,96.64,96.81,15070,96.81
1/19/2012,97.73,97.73,97,97.09,29080,97.09
1/18/2012,97.6,97.6,97.11,97.38,11120,97.38
1/17/2012,96.6,97.25,96.6,96.83,13550,96.83
1/13/2012,96.51,96.84,96.41,96.82,15770,96.82
1/12/2012,97.68,97.68,96.8,97.17,93320,97.17
1/11/2012,96.31,96.92,96.3,96.65,14150,96.65
1/10/2012,96.94,96.94,95.69,96.46,22930,96.46
1/9/2012,97.36,98.35,96.5,96.72,270130,96.72
1/6/2012,98.27,98.27,97.71,97.75,22490,97.75
1/5/2012,98.27,99.99,98.27,98.53,41830,98.53
1/4/2012,99.67,99.67,99.5,99.52,12630,99.52
1/3/2012,100.18,102.62,99.63,100.34,83710,100.34
12/30/2011,98.63,103.38,98.42,99.9,121150,99.9
12/29/2011,98.29,98.29,97.98,98.16,43520,98.16
12/28/2011,98.75,98.75,97.91,98.06,19450,98.06
12/27/2011,98.48,98.79,98.15,98.75,14230,98.75
12/23/2011,99.03,99.03,98.53,98.68,9100,98.68
12/22/2011,98.86,98.86,98.51,98.57,44440,98.57
12/21/2011,98.8,99.12,98.51,98.95,24620,98.95
12/20/2011,98.8,99.19,98.51,98.91,10590,98.91
12/19/2011,98.16,98.25,97.78,98.23,14280,98.23
12/16/2011,97.89,98.25,97.63,97.75,21020,97.75
12/15/2011,97.45,97.85,97.25,97.4,17520,97.4
12/14/2011,97.2,97.23,96.8,97.09,12740,97.09
12/13/2011,97.45,97.56,96.9,97.25,18340,97.25
12/12/2011,97.65,97.66,97.5,97.66,10330,97.66
12/9/2011,97.64,98.38,97.64,98.38,14790,98.38
12/8/2011,98.57,98.57,97.63,97.63,22450,97.63
12/7/2011,98.87,99.17,98.61,99.17,10070,99.17
12/6/2011,98.6,99.13,98.6,99.13,16500,99.13
12/5/2011,99.12,99.21,98.3,98.57,7070,98.57
12/2/2011,98.85,98.85,97.91,97.99,12320,97.99
12/1/2011,99.04,99.66,98.14,98.59,63030,98.59
11/30/2011,99.75,99.75,99.15,99.61,12240,99.61
11/29/2011,98.4,98.48,98.03,98.06,13070,98.06
11/28/2011,98.84,98.84,97.79,98.19,14070,98.19
11/25/2011,97.82,98.03,97.66,97.67,21850,97.67
11/23/2011,99.06,99.61,98.73,98.73,6340,98.73
11/22/2011,100.21,100.5,99.68,100.5,29900,100.5
11/21/2011,100,100.46,100,100.46,13700,100.46
11/18/2011,100.18,100.61,99.99,100.21,5360,100.21
11/17/2011,101.39,101.39,99.47,99.59,36020,99.59
11/16/2011,101.01,101.01,100.46,100.58,22940,100.58
11/15/2011,101.15,101.26,100.49,101.05,19250,101.05
11/14/2011,101.96,102.05,101.5,102.05,9830,102.05
11/11/2011,102.17,102.69,101.57,102.57,20070,102.57
11/10/2011,102.24,102.24,100.87,101.33,33240,101.33
11/9/2011,103.15,103.17,101.7,101.99,27360,101.99
11/8/2011,104.27,104.45,103.88,104.06,7380,104.06
11/7/2011,103.96,104.13,103.43,104.04,17240,104.04
11/4/2011,104.19,104.38,103.56,103.88,12040,103.88
11/3/2011,104.18,104.55,103.76,104.31,7460,104.31
11/2/2011,105.5,105.5,104.06,104.06,33160,104.06
11/1/2011,103.74,105.9,103.61,104.36,57640,104.36
10/31/2011,105.81,105.81,104.94,104.94,9260,104.94
10/28/2011,107.24,107.33,106.94,107.26,21370,107.26
10/27/2011,107.23,107.69,106.8,107.13,23210,107.13
10/26/2011,106.1,106.1,105.02,105.71,12790,105.71
10/25/2011,105.34,105.59,105.17,105.5,7040,105.5
10/24/2011,105.01,105.43,104.9,105.37,12840,105.37
10/21/2011,105.17,105.2,104.64,105.18,6070,105.18
10/20/2011,104.16,104.46,103,104.31,17980,104.31
10/19/2011,104.59,104.59,103.94,104.13,13150,104.13
10/18/2011,104.18,104.71,103.92,104.48,10680,104.48
10/17/2011,105.1,105.1,104.25,104.52,54590,104.52
10/14/2011,105.34,105.46,104.8,104.82,17050,104.82
10/13/2011,104.93,105.3,104.32,105.22,15220,105.22
10/12/2011,104.99,105.2,104.6,105.06,12080,105.06
10/11/2011,104.57,104.95,104.33,104.91,13300,104.91
10/10/2011,104.98,105.03,104.58,104.95,33380,104.95
10/7/2011,104.31,104.52,103.55,103.55,16750,103.55
10/6/2011,103.74,104.26,103.6,104.18,4240,104.18
10/5/2011,103.85,104.1,103.2,103.61,11840,103.61
10/4/2011,103.04,103.87,103.04,103.7,25950,103.7
10/3/2011,103.53,104.14,103.42,103.44,57630,103.44
9/30/2011,104.47,104.91,104.43,104.63,7240,104.63
9/29/2011,105.56,105.62,104.91,104.95,6990,104.95
9/28/2011,105.49,105.49,104.82,104.82,15410,104.82
9/27/2011,105.45,105.46,104.95,105.15,11580,105.15
9/26/2011,104.63,104.92,104.24,104.92,157630,104.92
9/23/2011,104.45,105.06,104.03,104.43,26510,104.43
9/22/2011,103.8,104.28,103.45,104.2,30920,104.2
9/21/2011,104.57,105.03,104.1,104.31,37470,104.31
9/20/2011,104.33,104.71,104.2,104.6,141460,104.6
9/19/2011,104.22,104.54,103.77,104.54,17430,104.54
9/16/2011,105.13,105.31,104.8,105.1,5420,105.1
9/15/2011,104.74,105.06,104.61,105.06,9980,105.06
9/14/2011,104.47,104.47,103.83,104.12,7420,104.12
9/13/2011,104.26,104.48,103.9,104.48,70250,104.48
9/12/2011,104.24,104.66,103.01,104.2,46220,104.2
9/9/2011,105.67,105.67,104.64,104.65,30310,104.65
9/8/2011,107.12,107.14,106.19,106.25,4820,106.25
9/7/2011,107,107.36,106.09,107.09,28360,107.09
9/6/2011,106.67,107.12,106.29,106.36,13300,106.36
9/2/2011,108.57,109.51,108.12,108.4,7780,108.4
9/1/2011,111.48,111.48,107.76,108.37,62910,108.37
8/31/2011,110.6,110.6,109.74,109.94,57290,109.94
8/30/2011,110.43,110.7,110.18,110.7,7770,110.7
8/29/2011,110.67,110.67,110.21,110.56,11580,110.56
8/26/2011,110.06,110.7,109.88,110.54,5370,110.54
8/25/2011,109.93,109.93,109.33,109.78,4240,109.78
8/24/2011,110.11,110.41,109.66,109.96,8120,109.96
8/23/2011,110.57,110.68,110.19,110.68,50610,110.68
8/22/2011,110.55,110.55,110.15,110.15,5500,110.15
8/19/2011,110.66,110.95,110.34,110.6,9760,110.6
8/18/2011,110.49,110.53,109.91,110.31,8440,110.31
8/17/2011,110.7,110.82,110.44,110.71,9310,110.71
8/16/2011,109.76,109.89,109.43,109.85,7850,109.85
8/15/2011,111.16,111.16,109.58,110.02,24760,110.02
8/12/2011,109.17,109.17,108.72,108.95,15520,108.95
8/11/2011,108.47,109.06,108.47,108.74,15080,108.74
8/10/2011,109.37,109.51,108.9,109.21,19210,109.21
8/9/2011,108.52,109.51,108.15,109.51,14280,109.51
8/8/2011,107.74,108.73,107.74,108.37,21770,108.37
8/5/2011,107.11,107.76,106.83,107.74,15430,107.74
8/4/2011,107.72,107.73,106.29,106.29,10690,106.29
8/3/2011,108,108.13,107.57,108.01,21670,108.01
8/2/2011,107.3,107.57,107.01,107.39,15070,107.39
8/1/2011,108.31,109.29,107.08,107.59,35140,107.59
7/29/2011,107.98,109.99,107.81,108.16,38300,108.16
7/28/2011,107.45,107.81,107.17,107.44,24560,107.44
7/27/2011,108.36,108.36,107.44,107.86,5530,107.86
7/26/2011,107.67,108.36,107.67,108.18,9170,108.18
7/25/2011,107.21,107.36,106.88,107.28,21630,107.28
7/22/2011,107.16,107.19,106.83,106.83,10150,106.83
7/21/2011,105.9,106.59,105.89,106.33,11900,106.33
7/20/2011,105.29,105.29,104.51,105.08,19770,105.08
7/19/2011,104.73,104.96,104.34,104.65,11440,104.65
7/18/2011,104.09,104.09,103.8,104.03,5600,104.03
7/15/2011,104.55,104.89,104.33,104.69,10200,104.69
7/14/2011,105,105,104.36,104.46,6850,104.46
7/13/2011,104.31,104.91,104.31,104.73,9640,104.73
7/12/2011,103.45,104.17,103.45,104.01,7900,104.01
7/11/2011,104.3,104.3,103.5,103.7,23780,103.7
7/8/2011,105.17,105.2,104.6,105,8440,105
7/7/2011,104.67,105.15,104.37,104.88,9210,104.88
7/6/2011,105.3,105.3,104.81,104.83,8660,104.83
7/5/2011,107.69,107.69,105.78,105.94,14860,105.94
7/1/2011,106.13,106.48,105.76,106.29,62220,106.29
6/30/2011,106.49,106.57,106.15,106.54,9990,106.54
6/29/2011,105.91,106.02,105.68,105.95,10260,105.95
6/28/2011,105.33,105.64,105.06,105.43,7710,105.43
6/27/2011,104.51,105.13,104.48,104.93,13810,104.93
6/24/2011,105.28,105.28,104.86,105.06,5680,105.06
6/23/2011,104.98,105.25,104.5,105.1,12620,105.1
6/22/2011,106.2,106.2,105.56,105.92,6710,105.92
6/21/2011,106.11,106.27,106,106.05,13320,106.05
6/20/2011,105.6,105.68,105.41,105.56,8930,105.56
6/17/2011,105.79,105.91,105.48,105.89,12030,105.89
6/16/2011,104.8,105.11,104.52,105.11,10500,105.11
6/15/2011,105.69,105.73,104.85,105.17,11240,105.17
6/14/2011,106.34,106.64,106.34,106.49,15850,106.49
6/13/2011,106.14,106.61,105.85,106.58,12340,106.58
6/10/2011,107.5,107.5,105.99,106,71930,106
6/9/2011,107.23,107.4,107.03,107.07,14430,107.07
6/8/2011,107.94,107.94,107.45,107.71,12810,107.71
6/7/2011,108.19,108.26,108.01,108.01,11470,108.01
6/6/2011,108.17,108.17,107.74,107.92,18720,107.92
6/3/2011,108.1,108.16,107.48,108.16,5600,108.16
6/2/2011,107.1,107.37,106.68,107.25,8040,107.25
6/1/2011,106.97,107.99,106.44,106.63,40800,106.63
5/31/2011,106.74,106.81,106.48,106.5,7910,106.5
5/27/2011,106.19,106.57,106.19,106.53,3880,106.53
5/26/2011,105.81,105.81,104.97,105.22,12750,105.22
5/25/2011,104.8,105.02,103.59,104.8,7670,104.8
5/24/2011,104.61,104.8,104.28,104.76,4820,104.76
5/23/2011,104.1,104.57,103.85,104.48,13500,104.48
5/20/2011,105.34,105.35,104.74,105.14,8530,105.14
5/19/2011,105.01,105.78,104.8,105.78,26630,105.78
5/18/2011,105.27,105.49,105.15,105.27,3520,105.27
5/17/2011,105.1,105.42,104.92,105.42,6020,105.42
5/16/2011,108.1,108.1,105.07,105.5,15700,105.5
5/13/2011,105.83,105.83,104.92,105.05,5810,105.05
5/12/2011,105.24,105.85,104.94,105.69,7250,105.69
5/11/2011,105.59,105.59,104.83,105.12,8200,105.12
5/10/2011,105.86,106.11,105.6,105.9,4570,105.9
5/9/2011,105.8,106,105.33,105.91,25400,105.91
5/6/2011,106.66,106.88,105.6,105.6,24200,105.6
5/5/2011,107.98,107.98,106.58,106.58,34140,106.58
5/4/2011,108.48,108.56,108.1,108.2,8210,108.2
5/3/2011,108.27,108.5,107.82,108.09,28650,108.09
5/2/2011,109.5,109.5,107.97,107.97,20350,107.97
4/29/2011,108.31,108.6,108.12,108.6,11350,108.6
4/28/2011,107.78,108.07,107.56,108.04,14480,108.04
4/27/2011,106.63,106.97,106.33,106.97,15170,106.97
4/26/2011,107.3,107.3,106.45,106.9,29370,106.9
4/25/2011,107.99,107.99,106.44,106.49,14630,106.49
4/21/2011,106.8,106.8,106.45,106.45,13870,106.45
4/20/2011,106.18,106.25,105.86,106.12,10450,106.12
4/19/2011,104.83,105.44,104.83,105.42,7890,105.42
4/18/2011,105.14,105.21,104.54,104.77,12910,104.77
4/15/2011,106.15,106.15,105.03,105.41,10220,105.41
4/14/2011,105.45,105.69,105.38,105.68,7990,105.68
4/13/2011,105.3,105.55,104.96,105.39,19890,105.39
4/12/2011,105.58,105.65,105.13,105.32,30500,105.32
4/11/2011,104.95,107.35,104.69,104.94,10350,104.94
4/8/2011,104.74,104.91,104.53,104.9,6330,104.9
4/7/2011,105.59,105.59,103.99,104.3,8280,104.3
4/6/2011,104.27,104.48,104.12,104.41,13040,104.41
4/5/2011,103.8,104.21,103.59,104.03,35680,104.03
4/4/2011,104.29,104.38,103.96,103.99,30230,103.99
4/1/2011,107.22,107.22,103.01,104.22,31670,104.22
3/31/2011,104.54,104.7,104.35,104.5,20610,104.5
3/30/2011,104.29,104.43,103.98,104.12,20000,104.12
3/29/2011,104.47,104.64,104.17,104.25,16080,104.25
3/28/2011,104.73,104.97,104.63,104.73,10560,104.73
3/25/2011,105.12,105.52,104.61,104.61,16540,104.61
3/24/2011,105.55,105.92,105.25,105.76,11190,105.76
3/23/2011,105.48,105.72,105.25,105.55,9350,105.55
3/22/2011,105.83,105.9,105.55,105.9,12530,105.9
3/21/2011,109.97,109.97,105.63,106.08,11190,106.08
3/18/2011,105.71,106.06,105.55,105.74,10280,105.74
3/17/2011,106.02,106.02,105.57,105.7,15260,105.7
3/16/2011,104.93,105.08,104.63,105.08,29940,105.08
3/15/2011,104.63,105.26,104.34,105.06,23460,105.06
3/14/2011,104.26,104.58,104.12,104.58,8850,104.58
3/11/2011,102.99,103.65,102.82,103.65,17880,103.65
3/10/2011,102.72,102.79,102.32,102.6,15790,102.6
3/9/2011,103.15,103.24,102.95,103.14,59020,103.14
3/8/2011,103.06,103.13,102.9,103.13,8540,103.13
3/7/2011,103.92,103.98,103.75,103.84,11340,103.84
3/4/2011,103.71,103.98,103.59,103.94,20530,103.94
3/3/2011,103.9,103.9,103.37,103.73,14320,103.73
3/2/2011,103.92,104.07,103.73,103.73,9030,103.73
3/1/2011,103.68,103.74,103.19,103.19,8040,103.19
2/28/2011,104.08,104.08,103.6,103.89,10130,103.89
2/25/2011,103.53,103.66,103.26,103.28,11020,103.28
2/24/2011,103.85,103.9,103.59,103.79,9720,103.79
2/23/2011,102.91,103.28,102.74,103.13,4610,103.13
2/22/2011,102.75,102.95,102.33,102.6,48420,102.6
2/18/2011,102.33,102.72,102.27,102.31,10230,102.31
2/17/2011,101.94,102.34,101.69,102.27,10340,102.27
2/16/2011,101.07,101.74,100.89,101.5,8530,101.5
2/15/2011,101.24,101.24,100.69,100.78,17870,100.78
2/14/2011,101.11,101.28,100.81,100.99,14540,100.99
2/11/2011,102.9,102.9,101.12,101.54,10110,101.54
2/10/2011,101.97,102.1,101.4,101.85,24790,101.85
2/9/2011,102.6,102.81,102.24,102.47,7860,102.47
2/8/2011,102.67,102.88,102.51,102.52,10760,102.52
2/7/2011,102.11,102.56,101.98,102.5,16420,102.5
2/4/2011,102.9,102.95,102.35,102.35,7220,102.35
2/3/2011,103.42,103.42,102.84,103.29,9180,103.29
2/2/2011,104.16,104.16,103.43,103.75,12840,103.75
2/1/2011,103.61,104.12,103.29,104.06,9160,104.06
1/31/2011,103.28,103.47,102.9,103.3,15240,103.3
1/28/2011,102.49,102.67,101.95,102.58,10860,102.58
1/27/2011,102.37,102.59,101.84,102.36,9930,102.36
1/26/2011,103.18,103.18,101.94,102.11,31770,102.11
1/25/2011,102.63,103.3,102.63,103.29,8160,103.29
1/24/2011,102.7,103.34,102.45,103.14,15440,103.14
1/21/2011,102.5,103.16,102.22,102.87,7240,102.87
1/20/2011,102.05,102.05,101.46,101.52,72390,101.52
1/19/2011,102.53,102.53,102.15,102.38,5600,102.38
1/18/2011,101.72,103.24,101.44,101.69,13090,101.69
1/14/2011,101.89,102.14,101.32,101.88,16050,101.88
1/13/2011,101.61,101.98,101.61,101.75,8520,101.75
1/12/2011,100.06,100.67,99.72,100.6,27070,100.6
1/11/2011,99.78,99.78,99.25,99.65,11020,99.65
1/10/2011,99.36,99.64,99.27,99.57,12670,99.57
1/7/2011,99.4,99.62,99,99,8600,99
1/6/2011,100.31,100.31,99.4,99.63,25760,99.63
1/5/2011,100.63,100.73,100.25,100.26,18420,100.26
1/4/2011,102.36,102.36,101.6,101.85,25910,101.85
1/3/2011,102.13,102.38,101.86,102.3,24100,102.3
12/31/2010,102.16,104.77,101.01,102.27,4760,102.27
12/30/2010,101.28,101.63,101.08,101.26,11690,101.26
12/29/2010,100.41,101.07,100.41,101.07,3610,101.07
12/28/2010,101.09,101.09,100.33,100.35,9690,100.35
12/27/2010,100.53,100.55,100.45,100.55,4650,100.55
12/23/2010,99.9,100.49,99.9,100.45,13610,100.45
12/22/2010,100.18,100.21,99.9,100.2,5140,100.2
12/21/2010,100.36,100.36,99.65,99.65,3930,99.65
12/20/2010,100.12,100.18,99.79,100.14,5190,100.14
12/17/2010,100.15,100.25,99.66,100.21,5730,100.21
12/16/2010,100.35,100.35,99.8,100.03,1230,100.03
12/15/2010,105.49,105.49,99.94,99.94,5960,99.94
12/14/2010,105.5,105.5,100.81,101.17,5420,101.17
12/13/2010,100.63,101.83,100.63,101.55,3370,101.55
12/10/2010,100.65,100.78,100.25,100.76,10140,100.76
12/9/2010,100.98,100.98,100.23,100.89,14730,100.89
12/8/2010,100.8,100.8,100.47,100.61,6460,100.61
12/7/2010,102.1,102.1,101.27,101.46,9710,101.46
12/6/2010,101.6,102.07,101.41,102.07,130790,102.07
12/3/2010,101.86,102.22,101.64,102.22,14010,102.22
12/2/2010,99.86,101.23,99.86,100.77,10900,100.77
12/1/2010,99.75,100.25,99.75,99.95,6790,99.95
11/30/2010,99.47,100.33,99.47,99.88,122690,99.88
11/29/2010,100.24,100.24,99.84,100.03,27540,100.03
11/26/2010,101.3,101.3,100.85,100.85,6400,100.85
11/24/2010,102.25,102.55,101.99,101.99,1750,101.99
11/23/2010,103.09,103.09,102.72,102.78,6790,102.78
11/22/2010,103.73,103.75,103.5,103.65,3410,103.65
11/19/2010,103.62,103.86,103.33,103.86,7340,103.86
11/18/2010,103.63,103.63,103.03,103.14,2030,103.14
11/17/2010,103.27,103.49,103.06,103.09,3530,103.09
11/16/2010,103.75,103.75,102.65,102.95,7100,102.95
11/15/2010,104.47,104.49,104,104.02,3270,104.02
11/12/2010,105.02,105.3,104.62,104.62,4620,104.62
11/11/2010,104.91,105.03,104.42,104.62,3830,104.62
11/10/2010,105.68,105.68,104.88,105.61,8380,105.61
11/9/2010,107.37,107.37,106.41,106.41,7300,106.41
11/8/2010,107.2,107.2,106.9,106.91,1790,106.91
11/5/2010,107.93,108.13,107.81,107.91,3880,107.91
11/4/2010,109.05,109.05,108.69,108.69,2830,108.69
11/3/2010,107.86,108.49,107.26,107.92,18060,107.92
11/2/2010,107.98,107.98,107.68,107.97,2910,107.97
11/1/2010,107.8,107.8,107.01,107.3,5460,107.3
10/29/2010,107.32,107.45,107.16,107.28,4060,107.28
10/28/2010,107.04,107.48,107.04,107.39,2980,107.39
10/27/2010,106.79,106.79,106.28,106.39,7980,106.39
10/26/2010,107.76,107.76,107.38,107.67,7560,107.67
10/25/2010,108.72,108.89,108.38,108.38,6360,108.38
10/22/2010,107.99,107.99,107.69,107.69,7120,107.69
10/21/2010,108.09,108.63,107.71,107.97,9110,107.97
10/20/2010,108.05,108.43,108.05,108.19,3540,108.19
10/19/2010,107.15,107.61,106.98,107.26,16730,107.26
10/18/2010,108.61,108.96,108.37,108.96,4830,108.96
10/15/2010,109.55,109.55,108.47,108.73,10840,108.73
10/14/2010,109.34,109.64,109.34,109.64,4090,109.64
10/13/2010,108.78,109.11,108.74,108.96,4690,108.96
10/12/2010,108.09,108.53,108.09,108.2,3320,108.2
10/11/2010,108.76,108.76,108.28,108.37,3240,108.37
10/8/2010,108.38,108.41,108.12,108.41,3550,108.41
10/7/2010,108.35,108.35,107.7,108.07,4110,108.07
10/6/2010,107.95,108.46,107.65,108.26,6620,108.26
10/5/2010,107.49,107.49,107.28,107.49,3600,107.49
10/4/2010,106.68,106.7,106.43,106.43,6720,106.43
10/1/2010,106.51,106.71,106.43,106.71,4480,106.71
9/30/2010,106.27,106.27,105.61,106.21,3370,106.21
9/29/2010,105.99,106.11,105.88,106.11,2460,106.11
9/28/2010,105.23,105.58,104.79,105.34,4850,105.34
9/27/2010,104.64,105.03,104.64,104.64,4590,104.64
9/24/2010,104.78,104.78,104.39,104.46,17900,104.46
9/23/2010,104.16,104.34,103.99,104.21,4200,104.21
9/22/2010,104.23,104.78,103.86,104.22,11440,104.22
9/21/2010,101.96,103.01,101.92,103.01,6960,103.01
9/20/2010,101.42,101.67,101.28,101.3,8200,101.3
9/17/2010,101.38,101.61,101.28,101.54,6370,101.54
9/16/2010,101.59,101.93,101.38,101.64,6950,101.64
9/15/2010,101.78,101.86,101.55,101.78,2310,101.78
9/14/2010,101.89,102.6,101.89,102.6,7210,102.6
9/13/2010,101.13,101.43,101.11,101.43,3600,101.43
9/10/2010,100.5,100.57,100.5,100.57,3160,100.57
9/9/2010,101.18,101.18,100.79,100.79,2960,100.79
9/8/2010,100.95,101.11,100.89,101.03,2210,101.03
9/7/2010,101.32,101.32,100.99,100.99,2420,100.99
9/3/2010,101.28,101.62,101.23,101.62,26860,101.62
9/2/2010,101.67,101.67,101.21,101.44,12780,101.44
9/1/2010,102.12,102.12,101.42,101.67,2780,101.67
8/31/2010,101.75,101.75,101.53,101.6,2960,101.6
8/30/2010,101.34,101.34,101.1,101.34,2040,101.34
8/27/2010,101.43,101.66,101.1,101.36,13900,101.36
8/26/2010,101.35,101.54,101.21,101.53,4770,101.53
8/25/2010,101.25,101.49,100.96,101.25,2390,101.25
8/24/2010,101,101.6,100.99,101.6,4010,101.6
8/23/2010,100.89,100.89,100.59,100.89,3980,100.89
8/20/2010,100.31,100.7,100.3,100.7,3460,100.7
8/19/2010,101.69,102,101.19,101.53,10870,101.53
8/18/2010,101.69,101.82,101.6,101.61,10390,101.61
8/17/2010,101.44,101.48,101.18,101.48,1810,101.48
8/16/2010,101.19,101.28,101.02,101.18,1710,101.18
8/13/2010,100.7,100.7,100.3,100.3,7000,100.3
8/12/2010,100.76,101.02,100.76,100.85,2780,100.85
8/11/2010,101.28,101.64,100.9,101.01,3760,101.01
8/10/2010,101.86,102.81,101.8,102.81,5940,102.81
8/9/2010,102.87,102.97,102.86,102.97,7090,102.97
8/6/2010,103.3,103.3,102.9,102.9,7190,102.9
8/5/2010,102.2,102.52,102.2,102.52,11110,102.52
8/4/2010,102.42,102.42,101.75,102.11,4730,102.11
8/3/2010,102.22,102.36,102.01,102.29,9910,102.29
8/2/2010,101.25,101.63,101.17,101.63,6970,101.63
7/30/2010,100.86,101.18,100.52,101.1,4320,101.1
7/29/2010,100.6,100.96,100.49,100.96,11900,100.96
7/28/2010,99.97,100.26,99.9,100.26,11530,100.26
7/27/2010,99.99,99.99,99.61,99.61,25460,99.61
7/26/2010,99.77,100.01,99.45,100.01,18680,100.01
7/23/2010,99.55,99.55,99.16,99.33,31550,99.33
7/22/2010,99.97,99.97,99.67,99.87,18840,99.87
7/21/2010,99.55,99.61,98.8,98.99,6730,98.99
7/20/2010,99.44,99.89,99.31,99.55,7690,99.55
7/19/2010,100.06,100.06,99.71,99.72,20210,99.72
7/16/2010,100.33,100.36,100.22,100.22,2690,100.22
7/15/2010,99.12,99.51,99.12,99.47,9270,99.47
7/14/2010,98.16,98.66,98.16,98.66,2310,98.66
7/13/2010,98.1,98.55,98.1,98.49,5320,98.49
7/12/2010,97.94,98.09,97.58,98.08,4580,98.08
7/9/2010,98.09,98.15,97.72,98.15,3350,98.15
7/8/2010,97.92,98.28,97.9,98.1,1390,98.1
7/7/2010,98.24,98.53,97.89,98.4,4850,98.4
7/6/2010,98.07,98.43,98.07,98.43,5130,98.43
7/2/2010,97.7,98.05,97.7,97.85,9650,97.85
7/1/2010,96.52,97.71,96.52,97.71,38970,97.71
6/30/2010,95.77,96.11,95.77,95.9,3490,95.9
6/29/2010,95.36,95.39,95.36,95.39,800,95.39
6/28/2010,95.41,95.77,95.41,95.7,20500,95.7
6/25/2010,95.17,95.88,95.17,95.88,8890,95.88
6/24/2010,95.08,95.8,95.08,95.64,7310,95.64
6/23/2010,94.89,95.47,94.6,95.09,13020,95.09
6/22/2010,95.06,95.2,94.92,95.09,15630,95.09
6/21/2010,95.28,95.3,94.87,95.16,3740,95.16
6/18/2010,95.08,95.38,95.08,95.28,7600,95.28
6/17/2010,95.25,95.4,94.85,95.35,3440,95.35
6/16/2010,94.68,94.76,94.6,94.76,3170,94.76
6/15/2010,94.76,94.91,94.73,94.91,2780,94.91
6/14/2010,94.64,94.86,94.4,94.55,6220,94.55
6/11/2010,93.94,94.03,93.65,94.03,8660,94.03
6/10/2010,94.03,94.23,93.81,93.9,24110,93.9
6/9/2010,93.22,93.55,93.22,93.46,2440,93.46
6/8/2010,92.79,93.13,92.49,93,3530,93
6/7/2010,92.81,92.82,92.55,92.73,5150,92.73
6/4/2010,93.47,93.47,92.97,93.25,4830,93.25
6/3/2010,94.31,94.31,93.96,94,2980,94
6/2/2010,94.36,94.55,93.96,94.11,43450,94.11
6/1/2010,94.75,95.23,94.73,94.73,3900,94.73
5/28/2010,95,95.7,95,95.35,7600,95.35
5/27/2010,95.14,95.87,94.86,95.87,29520,95.87
5/26/2010,95.66,95.66,95.15,95.15,7440,95.15
5/25/2010,95.55,96.32,95.55,96.32,56210,96.32
5/24/2010,96.48,96.48,96.03,96.03,27160,96.03
5/21/2010,97.11,97.55,97.05,97.45,18480,97.45
5/20/2010,96.1,97,96.1,97,11700,97
5/19/2010,95.38,95.89,95.36,95.89,16630,95.89
5/18/2010,95.72,95.72,94.37,94.44,13210,94.44
5/17/2010,95.43,95.43,95.04,95.13,6790,95.13
5/14/2010,96.29,96.29,95.53,95.75,13270,95.75
5/13/2010,96.37,96.48,96.12,96.4,7120,96.4
5/12/2010,96.46,96.86,96.26,96.75,39940,96.75
5/11/2010,96.55,96.62,96.27,96.59,3270,96.59
5/10/2010,97.28,97.84,96.22,96.45,36050,96.45
5/7/2010,95,95.58,94.56,95.47,31400,95.47
5/6/2010,95.53,95.98,95.03,95.98,12420,95.98
5/5/2010,95.56,96.24,95.56,96.16,16010,96.16
5/4/2010,97.31,97.31,96.78,97.04,11060,97.04
5/3/2010,98.24,98.24,97.64,97.95,4420,97.95
4/30/2010,98.89,98.89,98.35,98.78,6250,98.78
4/29/2010,98.08,98.4,98,98.09,3330,98.09
4/28/2010,97.91,97.91,96.98,97.11,11840,97.11
4/27/2010,98.49,98.54,97.96,97.96,16110,97.96
4/26/2010,98.3,98.78,98.28,98.78,13320,98.78
4/23/2010,98.64,99.2,98.55,99.02,8750,99.02
4/22/2010,99.24,99.24,98.82,99.21,8830,99.21
4/21/2010,99.78,99.78,99.51,99.78,6550,99.78
4/20/2010,100.31,100.31,99.79,99.99,5230,99.99
4/19/2010,99.97,100.47,99.97,100.4,4440,100.4
4/16/2010,100.58,100.79,100.28,100.36,22870,100.36
4/15/2010,100.63,100.8,100.51,100.62,5720,100.62
4/14/2010,103.06,103.06,100.79,101.25,6850,101.25
4/13/2010,101.13,101.13,100.64,100.73,4430,100.73
4/12/2010,100.76,100.85,100.5,100.71,9350,100.71
4/9/2010,99.32,100,99.32,100,8090,100
4/8/2010,99.54,99.79,99.3,99.3,5990,99.3
4/7/2010,99.5,99.6,99.16,99.59,3930,99.59
4/6/2010,99.56,99.63,99.28,99.5,7390,99.5
4/5/2010,100.37,100.45,99.95,100.2,9640,100.2
4/1/2010,100.46,100.83,100.29,100.83,5990,100.83
3/31/2010,100.77,100.77,100.31,100.31,9210,100.31
3/30/2010,100.33,100.33,99.78,99.85,8380,99.85
3/29/2010,100.44,100.44,100.03,100.08,8460,100.08
3/26/2010,99.68,100.04,99.39,99.97,12050,99.97
3/25/2010,99.89,99.97,99.21,99.36,11710,99.36
3/24/2010,100.1,100.17,99.78,99.97,10810,99.97
3/23/2010,101.42,101.72,101.23,101.4,5910,101.4
3/22/2010,100.71,101.5,100.71,101.5,10810,101.5
3/19/2010,101.3,101.3,101,101.01,4070,101.01
3/18/2010,102.12,102.16,101.45,101.77,9470,101.77
3/17/2010,102.15,102.67,102.15,102.46,11300,102.46
3/16/2010,101.75,102.48,101.75,102.48,15280,102.48
3/15/2010,101.95,101.95,101.71,101.75,4840,101.75
3/12/2010,101.75,102.06,101.39,102.03,5190,102.03
3/11/2010,101.03,101.51,101.03,101.51,3940,101.51
3/10/2010,101.07,101.6,101.07,101.46,6320,101.46
3/9/2010,101.37,101.5,101.18,101.18,4460,101.18
3/8/2010,101.35,101.55,100.89,101.01,14000,101.01
3/5/2010,101.31,101.52,100.94,101.52,10120,101.52
3/4/2010,101.63,101.96,101.27,101.43,20770,101.43
3/3/2010,101.61,102.35,101.61,102.35,15920,102.35
3/2/2010,101.49,101.67,101,101.44,12490,101.44
3/1/2010,100.93,101.26,100.74,101.26,6830,101.26
2/26/2010,101.46,101.93,101.39,101.73,62800,101.73
2/25/2010,100.92,101.26,100.75,101.26,15030,101.26
2/24/2010,101.01,101.2,100.52,100.74,13870,100.74
2/23/2010,100.73,100.73,100.26,100.56,25260,100.56
2/22/2010,100.16,100.46,100.16,100.46,7520,100.46
2/19/2010,99.54,100.12,99.52,100.02,15780,100.02
2/18/2010,102,102,100.21,100.41,11840,100.41
2/17/2010,101.31,101.31,100.51,100.51,7180,100.51
2/16/2010,100.74,101.66,100.59,101.37,21600,101.37
2/12/2010,100.88,101.11,100.88,101.11,4880,101.11
2/11/2010,101.48,101.54,101,101.54,7880,101.54
2/10/2010,101.69,101.72,101.18,101.63,5660,101.63
2/9/2010,101.12,101.59,101.12,101.59,15530,101.59
2/8/2010,100.78,101.05,100.69,100.99,5080,100.99
2/5/2010,100.89,101.29,100.43,100.53,13020,100.53
2/4/2010,101.69,101.69,101.04,101.14,27180,101.14
2/3/2010,102.05,102.05,101.5,101.75,9720,101.75
2/2/2010,102.82,102.82,102.31,102.47,7870,102.47
2/1/2010,102.27,102.27,101.67,101.97,13730,101.97
1/29/2010,102.19,102.19,101.65,101.94,8650,101.94
1/28/2010,102.76,102.76,102.09,102.1,53640,102.1
1/27/2010,103.4,103.4,102.72,102.85,13500,102.85
1/26/2010,103.11,103.52,103,103.38,5090,103.38
1/25/2010,103.49,103.49,103.09,103.49,14840,103.49
1/22/2010,103.69,107.6,102.34,103.55,6140,103.55
1/21/2010,102.68,103.49,102.13,102.92,17910,102.92
1/20/2010,103.16,103.16,102.46,102.72,63680,102.72
1/19/2010,103.91,103.95,103.52,103.75,18260,103.75
1/15/2010,104.36,104.44,104.17,104.4,4890,104.4
1/14/2010,104.55,104.88,104.39,104.88,12710,104.88
1/13/2010,104.71,104.75,104.64,104.72,17410,104.72
1/12/2010,104.67,105.05,104.52,104.82,9910,104.82
1/11/2010,104.26,104.65,104.26,104.58,8610,104.58
1/8/2010,103.76,103.83,103.13,103.83,10510,103.83
1/7/2010,103.17,103.17,102.77,103.06,22100,103.06
1/6/2010,103.45,103.59,103.05,103.39,9750,103.39
1/5/2010,103.53,104.03,103.53,103.76,10400,103.76
1/4/2010,103.78,103.84,103.39,103.66,13820,103.66
12/31/2009,102.94,103.09,102.76,103,9680,103
12/30/2009,103.08,103.21,102.55,103.09,11120,103.09
12/29/2009,103.8,103.83,103.05,103.05,15860,103.05
12/28/2009,103.96,103.96,103.34,103.46,39410,103.46
12/24/2009,103.78,103.78,103.38,103.74,4430,103.74
12/23/2009,103.56,103.71,103.31,103.71,8980,103.71
12/22/2009,103.69,103.69,102.79,102.99,42950,102.99
12/21/2009,104.32,104.32,103.59,103.62,12470,103.62
12/18/2009,104.5,104.51,104,104.44,7400,104.44
12/17/2009,104.72,104.72,104.02,104.27,9420,104.27
12/16/2009,105.51,105.95,105.21,105.45,16190,105.45
12/15/2009,105.36,105.36,104.66,104.99,8800,104.99
12/14/2009,105.83,106.23,105.78,106.17,15130,106.17
12/11/2009,106.09,106.09,105.36,105.66,35620,105.66
12/10/2009,106.89,106.89,106.39,106.39,12790,106.39
12/9/2009,106.53,106.98,106.44,106.93,8970,106.93
12/8/2009,107.24,107.24,106.46,106.46,10680,106.46
12/7/2009,106.78,107.38,106.59,107.13,14730,107.13
12/4/2009,107.6,107.6,106.5,106.84,11330,106.84
12/3/2009,108.73,108.89,108.65,108.88,10070,108.88
12/2/2009,109.44,109.44,108.88,109.25,16510,109.25
12/1/2009,109.54,109.64,109.37,109.64,13250,109.64
11/30/2009,108.98,109.3,108.98,109.28,4270,109.28
11/27/2009,108.47,108.9,108.15,108.63,3910,108.63
11/25/2009,108.71,109.2,108.55,109.13,35110,109.13
11/24/2009,107.98,108.23,107.81,107.95,89300,107.95
11/23/2009,108.19,108.19,107.57,107.62,45060,107.62
11/20/2009,107.23,107.5,106.85,107.5,8540,107.5
11/19/2009,107.78,107.78,107.23,107.33,37340,107.33
11/18/2009,107.82,108.02,107.55,108.02,50760,108.02
11/17/2009,107.6,107.62,107.06,107.46,20510,107.46
11/16/2009,107.37,107.84,107.3,107.55,10240,107.55
11/13/2009,106.9,107.63,106.68,106.85,62300,106.85
11/12/2009,107.19,107.19,106.51,106.52,8930,106.52
11/11/2009,107.45,107.94,107.14,107.6,60880,107.6
11/10/2009,107.49,107.86,107.15,107.86,43310,107.86
11/9/2009,107.42,107.62,106.97,107.38,67550,107.38
11/6/2009,106.54,106.94,106.04,106.81,63300,106.81
11/5/2009,106.79,106.86,106.4,106.41,13980,106.41
11/4/2009,106.48,107.06,106.25,106.56,33410,106.56
11/3/2009,106.73,106.73,106.09,106.11,22590,106.11
11/2/2009,107.41,107.41,106.36,106.92,18460,106.92
10/30/2009,106.75,107.14,106.59,106.63,18270,106.63
10/29/2009,107.04,107.04,106.4,106.65,11210,106.65
10/28/2009,106.8,107.29,106.39,107,12910,107
10/27/2009,107.07,107.07,106.51,106.61,8210,106.61
10/26/2009,107.74,107.74,106.66,106.94,19800,106.94
10/23/2009,108,108,107.52,107.79,6120,107.79
10/22/2009,107.82,108.38,107.82,108.38,12690,108.38
10/21/2009,107.97,108.41,107.9,108.26,8000,108.26
10/20/2009,108.48,108.48,107.93,108.16,22810,108.16
10/19/2009,107.9,108.18,107.78,108.18,6700,108.18
10/16/2009,107.57,107.86,107.46,107.72,7820,107.72
10/15/2009,107.87,108.27,107.81,107.97,8340,107.97
10/14/2009,108.44,108.54,108.11,108.54,4890,108.54
10/13/2009,108.23,108.23,108.06,108.16,18060,108.16
10/12/2009,107.85,108.01,107.68,108.01,8800,108.01
10/9/2009,107.93,107.93,107.18,107.46,12220,107.46
10/8/2009,108.45,108.81,108.33,108.72,12810,108.72
10/7/2009,107.58,108.13,107.58,108.13,9930,108.13
10/6/2009,107.86,108.29,107.82,108,4660,108
10/5/2009,107.23,107.55,107.15,107.55,10770,107.55
10/2/2009,106.83,107.53,106.83,107.09,8240,107.09
10/1/2009,106.77,106.77,106.37,106.37,8390,106.37
9/30/2009,106.81,107.31,106.81,107.12,16520,107.12
9/29/2009,106.66,106.83,106.41,106.71,5870,106.71
9/28/2009,107.21,107.32,106.83,106.87,5160,106.87
9/25/2009,106.98,107.28,106.93,107.23,7670,107.23
9/24/2009,107.3,107.3,106.31,106.56,9760,106.56
9/23/2009,106.91,109.08,106.84,107.08,15670,107.08
9/22/2009,106.85,107.02,106.65,106.92,9030,106.92
9/21/2009,105.77,106.17,105.77,106.12,3150,106.12
9/18/2009,106.84,107.75,106.84,107.31,9260,107.31
9/17/2009,106.75,106.9,106.7,106.83,6020,106.83
9/16/2009,106.78,107,106.72,107,7330,107
9/15/2009,106.13,106.74,106.13,106.74,7510,106.74
9/14/2009,106.43,106.73,106.32,106.57,5550,106.57
9/11/2009,106.57,106.82,106.16,106.62,4000,106.62
9/10/2009,105.69,106.03,105.53,106.03,6460,106.03
9/9/2009,105.48,105.73,105.35,105.35,5580,105.35
9/8/2009,105.2,105.4,105.04,105.27,18600,105.27
9/4/2009,103.7,104.26,103.4,104.26,6310,104.26
9/3/2009,104.16,104.16,103.76,103.93,3440,103.93
9/2/2009,103.82,104.32,103.82,104.32,7520,104.32
9/1/2009,104.07,104.22,103.6,103.6,11860,103.6
8/31/2009,104.66,104.8,104.6,104.75,9270,104.75
8/28/2009,104.6,104.65,104.55,104.58,27490,104.58
8/27/2009,103.85,104.65,103.55,104.63,6210,104.63
8/26/2009,104,104,103.4,104,7300,104
8/25/2009,104.56,104.6,104.01,104.19,15230,104.19
8/24/2009,104.25,104.25,103.91,104.2,3490,104.2
8/21/2009,106.79,106.79,104.25,104.25,6580,104.25
8/20/2009,104.05,104.1,104,104.08,5130,104.08
8/19/2009,110.99,110.99,103.7,104.1,3050,104.1
8/18/2009,103.2,103.3,103,103.27,2900,103.27
8/17/2009,112.99,112.99,102.05,103.1,2720,103.1
8/14/2009,103.71,103.71,103.25,103.27,5530,103.27
8/13/2009,103.27,103.47,102.9,103.37,3960,103.37
8/12/2009,102.59,102.89,102.5,102.78,3610,102.78
8/11/2009,102.35,102.38,102.17,102.25,7560,102.25
8/10/2009,102.13,102.13,101.53,101.94,2900,101.94
8/7/2009,103.05,103.05,101.49,101.89,15480,101.89
8/6/2009,103.87,103.87,103.63,103.64,1670,103.64
8/5/2009,103.92,104.47,103.83,104.27,11290,104.27
8/4/2009,104.31,104.31,103.87,103.87,1420,103.87
8/3/2009,103.86,104.18,103.86,104.11,14340,104.11
7/31/2009,102.89,103.93,102.89,103.93,20730,103.93
7/30/2009,102.18,102.4,101.86,102.3,16600,102.3
7/29/2009,102.5,102.5,101.85,101.85,1760,101.85
7/28/2009,102.67,102.87,102.37,102.82,4460,102.82
7/27/2009,102.32,102.62,102.3,102.62,850,102.62
7/24/2009,102.62,102.72,102.14,102.61,10090,102.61
7/23/2009,102.72,102.9,102.39,102.39,13650,102.39
7/22/2009,102.84,103.16,102.84,103.09,2090,103.09
7/21/2009,103.05,103.05,102.93,102.93,1130,102.93
7/20/2009,102.49,102.69,102.09,102.64,1560,102.64
7/17/2009,102.11,102.11,101.78,102,4120,102
7/16/2009,102.45,102.65,102.45,102.65,2570,102.65
7/15/2009,102.22,102.22,102.09,102.09,6740,102.09
7/14/2009,101.81,101.81,101.38,101.54,3770,101.54
7/13/2009,102,102.04,101.89,102.04,2010,102.04
7/10/2009,101.68,101.98,101.28,101.93,7640,101.93
7/9/2009,101.73,102.17,101.73,102.03,6890,102.03
7/8/2009,101.14,101.14,100.69,100.69,250,100.69
7/7/2009,101.33,101.33,100.89,100.89,1490,100.89
7/6/2009,100.97,101.17,100.77,100.77,6400,100.77
7/2/2009,100.95,101.16,100.95,101.16,5360,101.16
7/1/2009,101.2,101.5,101.2,101.4,1250,101.4
6/30/2009,100.96,101.06,100.96,101.06,220,101.06
6/29/2009,101.3,101.31,100.91,100.91,1080,100.91
6/26/2009,101.24,101.37,101.18,101.37,3380,101.37
6/25/2009,100.11,100.55,100.11,100.55,910,100.55
6/24/2009,100.48,100.48,100.28,100.28,610,100.28
6/23/2009,100.92,100.92,100.82,100.82,650,100.82
6/22/2009,99.57,99.77,99.57,99.71,770,99.71
6/19/2009,99.72,100.22,99.72,100.16,700,100.16
6/18/2009,100.02,100.02,99.32,99.42,6140,99.42
6/17/2009,99.65,100.21,99.17,100.19,4060,100.19
6/16/2009,99.29,99.35,99.28,99.28,1910,99.28
6/15/2009,98.9,98.9,98.48,98.59,690,98.59
6/12/2009,99.17,99.47,98.86,99.34,6180,99.34
6/11/2009,99.17,100.11,99.17,99.8,2610,99.8
6/10/2009,99.59,99.59,98.78,98.78,3520,98.78
6/9/2009,99.34,99.48,99.34,99.48,440,99.48
6/8/2009,98.32,98.47,97.92,98.47,590,98.47
6/5/2009,99.01,99.01,98.51,98.51,1370,98.51
6/4/2009,100.43,100.69,99.82,99.9,2310,99.9
6/3/2009,101.25,101.25,100.31,100.89,710,100.89
6/2/2009,101.15,101.54,101.15,101.54,520,101.54
6/1/2009,100.6,100.78,100.6,100.76,330,100.76
5/29/2009,100.81,101.06,100.81,101.05,1760,101.05
5/28/2009,99.25,99.42,99.25,99.42,1700,99.42
5/27/2009,100.11,100.11,99.8,99.94,3850,99.94
5/26/2009,100.02,100.4,100.02,100.31,720,100.31
5/22/2009,100.84,101.03,100.44,101.03,1780,101.03
5/21/2009,99.89,100.44,99.84,100.44,950,100.44
5/20/2009,99.2,99.98,99.19,99.8,2270,99.8
5/19/2009,98.45,98.85,98.45,98.85,2760,98.85
5/18/2009,98.4,98.4,98,98.34,480,98.34
5/15/2009,98.04,98.75,98.04,98.15,1850,98.15
5/14/2009,98.71,98.87,98.71,98.87,1030,98.87
5/13/2009,98.48,98.58,98.48,98.58,620,98.58
5/12/2009,98.5,98.5,98.25,98.25,2780,98.25
5/11/2009,98.2,98.2,98.1,98.2,2600,98.2
5/8/2009,97.2,98,97.2,98,900,98
5/7/2009,96.75,96.77,96.61,96.62,1450,96.62
5/6/2009,96.8,97.1,96.77,97.1,1850,97.1
5/5/2009,97.01,97.01,96.51,96.71,3340,96.71
5/4/2009,99.94,99.94,96.22,96.84,640,96.84
4/30/2009,96.12,96.37,96.12,96.37,1120,96.37
4/29/2009,98.1,98.1,96.9,96.9,400,96.9
4/28/2009,95.77,95.77,95.76,95.77,690,95.77
4/27/2009,95.87,95.91,95.25,95.3,1390,95.3
4/24/2009,95.68,96.3,95.68,95.95,15640,95.95
4/23/2009,94.55,94.95,94.55,94.95,1280,94.95
4/22/2009,94.17,94.6,94.17,94.44,1740,94.44
4/20/2009,94,94.1,93.97,94.1,1640,94.1
4/17/2009,94.4,94.4,94.3,94.3,8170,94.3
4/16/2009,95.05,95.05,95.05,95.05,970,95.05
4/15/2009,95.1,95.35,95.1,95.33,5260,95.33
4/13/2009,95.1,95.1,95.1,95.1,500,95.1
4/9/2009,94.6,94.6,94.4,94.4,900,94.4
4/8/2009,94.25,95.05,94.25,95.05,1820,95.05
4/7/2009,94.7,94.7,94.2,94.7,2810,94.7
4/6/2009,95.65,95.65,95.28,95.3,770,95.3
4/2/2009,96,96,95.95,95.95,2160,95.95
4/1/2009,95.55,95.7,94.86,95.55,42330,95.55
3/31/2009,95.2,95.2,95.14,95.14,200,95.14
3/30/2009,95.3,95.3,95.2,95.2,710,95.2
3/27/2009,95.8,95.8,95.75,95.75,1280,95.75
3/26/2009,97,97.05,96.65,96.65,2040,96.65
3/25/2009,96.4,96.4,96.4,96.4,100,96.4
3/24/2009,96.8,96.8,96.4,96.4,1350,96.4
3/23/2009,97.67,97.85,97.67,97.85,520,97.85
3/20/2009,97,97,97,97,300,97
3/19/2009,98.29,98.45,98.29,98.45,1200,98.45
3/18/2009,96,96,96,96,290,96
3/17/2009,93.35,93.5,93.35,93.5,21130,93.5
3/16/2009,93.85,93.85,93.59,93.59,1800,93.59
3/12/2009,92.75,92.75,92.75,92.75,100,92.75
3/11/2009,92.65,92.65,92.6,92.6,1000,92.6
3/10/2009,92.35,92.85,92.35,92.35,1760,92.35
3/9/2009,91.8,91.8,91.4,91.4,2580,91.4
3/6/2009,92.8,92.8,92.8,92.8,2150,92.8
3/4/2009,91.4,91.4,91.4,91.4,200,91.4
3/3/2009,92.3,92.3,92.3,92.3,2600,92.3
3/2/2009,92.2,92.2,92.2,92.2,200,92.2
2/27/2009,92.3,92.35,91.7,92.3,7290,92.3
2/26/2009,93.1,93.1,93.1,93.1,100,93.1
2/25/2009,93.5,93.5,93.5,93.5,550,93.5
2/24/2009,93.65,94,93.65,93.95,800,93.95
2/23/2009,94.4,94.4,94.4,94.4,110,94.4
2/20/2009,93.3,94.9,93.3,94.9,400,94.9
2/19/2009,93.7,93.8,93.7,93.7,2580,93.7
2/18/2009,93.75,93.75,93.45,93.45,300,93.45
2/17/2009,93.8,94,93.29,93.3,4410,93.3
2/13/2009,95.35,95.35,95.35,95.35,660,95.35
2/12/2009,95.45,95.45,95.45,95.45,100,95.45
2/11/2009,95.5,95.5,95.5,95.5,400,95.5
2/10/2009,95.55,95.55,95.55,95.55,760,95.55
2/9/2009,95.8,95.92,95.78,95.92,4400,95.92
2/6/2009,94.7,95,94.7,95,3550,95
2/5/2009,94.65,94.65,94.65,94.65,110,94.65
2/4/2009,95,95,94.97,95,630,95
2/3/2009,95.6,95.6,95.5,95.5,650,95.5
2/2/2009,94.75,94.75,94.75,94.75,700,94.75
1/30/2009,94.95,94.95,94.95,94.95,100,94.95
